column,value,count
name,Room in Christchurch,29
name,Waterfront 2-Bedroom Harbour View Apartment,26
name,Home away from home.,25
name,Compact Studio with free Parking,22
name,"Modern King Studio | Netflix, Disney+ & Parking",22
name,cozycozy guest house,22
name,Hagley Park Townhouse,22
name,The City Sanctuary,21
name,Deluxe King Room,21
name,Home away from home,21
name,Quite and Cozy Double Bedroom,20
name,City Townhouse,19
name,Diamond Harbour Hideaway,19
name,Brand-New 1BR Apartment Near Upcoming Te Kaha,18
name,Spacious stylish home - 7 Night special deals,18
name,Spacious studio,15
name,Discover a Brand New Apartment in Vibrant CHCH,14
name,The Hut,13
name,Cozy room,12
name,Charming Seaside Villa in the Heart of Wainui,11
name,Avon Haven City Escape - 1 bed 1 bath,11
name,Apartment In The Central City,11
name,Perfect getaway CHCH CBD tidy cozy townhouse,11
name,Opawa house,11
name,Cass Bay House,11
name,Bedroom & private bathroom 10 mins from Airport,11
name,Central City Abode on St Asaph,11
name,City Centre Superior Villa 3 large Double bedrooms,11
name,Hector's Tiny House - Akaroa Holiday Home,11
name,Robinson's Bay Lifestyle,11
name,Camellia Cottage by the sea.,11
name,Libeau Lane View,11
name,Park Motel,11
name,Kereru holiday home - Le Bons Bay,11
name,Latimer Square 1 bed 1 bath - Single Level,11
name,Peaceful 2-Bedroom Retreat with Harbour Outlook,11
name,Love Akaroa Retreat,11
name,Kūkupa Puni at Akaroa Lavender by Tiny Away,11
name,Takamatua Holiday Home,11
name,Parklands Pad,11
name,Peaceful in Pipers,11
name,"Sunny, Private Queen Room Near City Centre",11
name,Twin or single room,11
name,Modern two bedroom Apartment  with Wi Fi,11
name,Charming & Central Retreat with parking,11
name,"Views + Quiet, Akaroa Retreat- pet friendly",11
name,Banks Peninsula Heritage Farmhouse | Sleeps 17,11
name,Daisy Hill Cottage - Enjoy the outdoor Hot Tub!!,11
name,Style Location New Sunny 2Bdrms Free Park,11
name,Modern CBD retreat with parking and courtyard,11
name,Purau Bay - Slice of Paradise!,11
name,"Tranquil Bay Family Retreat | Relax, Recharge",11
name,Otahuahua - Akaroa Holiday Home,11
name,French Farm Whare,11
name,Pocket of Paradise,11
name,Maison en Noyer - Akaroa Holiday Home,11
name,Brockworth Comfort,11
name,Family Bach on Woodills,11
name,Hidden Gem at the backyard of Christchurch,11
name,"Home, Land and Sea Adventure",11
name,The Stables at Blythcliffe,11
name,Waterfront. Central. Amazing Views Over Harbour,11
name,"Ocean views, 2 bdrm Bach, beautiful interior decor",11
name,Home Away From Home,11
name,Maison Pierre Rouge - Duvauchelle Holiday Home,11
name,"Enjoy this magical place,  best views in the bay",11
name,Heart of the City with Stadium Outlook + Parking,11
name,Long Harbour View,11
name,Glenwood Akaroa Bush Retreat - Kanuka Hut,11
name,Valley View - Paradise in Wainui,11
name,Harbour View 3-Bedroom Retreat,11
name,Serene Hideout: 1 Bedroom on Cashel Street,11
name,Le Bons Bay Beach House,11
name,The Grandstand - French Farm Holiday Home,11
name,1-Bedroom Retreat with Spa Bath & Harbour Outlook,11
name,"Harbourview bush retreat, Akaroa",11
name,6 Beds. 2 Bathrooms. Private.,11
name,Centrally located townhouse in the heart of Akaroa,11
name,Akaroa Vista,11
name,Sculpture House,11
name,Relax with the Bellbirds in Akaroa,11
name,The Black House - Akaroa Harbour,11
name,Ensuite Cabin (Sleeps 6),11
name,Bellbird Bach - Akaroa,11
name,French Bay House - Raupo Room,11
name,#64 La Voyageur Waterfront Apts by AVI,11
name,#63 La Voyageur Waterfront Apts by AVI,11
name,Halfmoon Cottage Akaroa,11
name,Sea Air and Sandy Beach Beautiful 1 bed 1 bath,11
name,Airport / rental car companies very close.,11
name,"Privacy, comfort and a lot more -2 bedroom, cycles",11
name,"Spa pool with great views,  Lyttelton/Christchurch",11
name,Walk along the Beach from a Cosy Studio in Sumner,11
name,Brand-new Inner-city Apartment!,11
name,Sunsoaked seaside 1 bedroom 1 bath,11
name,Beachside Haven 1 bed 1 bath,11
name,#2 The Wharf Seaview Apartments by AVI,11
name,Matagouri Cottage - Port Levy Holiday Home,11
name,"Homey Townhouse in Central City, CBD Place",11
name,"Best Views, Brilliant Coffee, no cleaning fee.",11
name,#60 La Voyageur Waterfront Apts by AVI,11
name,#65 La Voyageur Waterfront Apts by AVI,11
name,Three Bedroom Apartment at Bella Vista Motel,11
name,Beautiful New Townhouse Private Parking by Hagley,11
name,Charming 3 Bedroom Escape with Carpark,11
name,Tranquil And Entertaining Lifestyle 2 Bed House,11
name,Addington SOHO Two Bedroom Townhouse,11
name,Panoramic Beach Views in Sumner,11
name,"""Cloud Nine"" Your Elegant Escape Awaits",11
name,Central Stay – Sleeps 5 | Walk to Te Pae & Casino,11
name,Aylmers Valley Vista,11
name,Your Cosy Sunny Cove near Travis Wetlands,11
name,Central City Apartment,11
name,Addington cozy corner,11
name,Modern 2BR Apartment on Salisbury Street,11
name,Cashmere Hills with Stunning Mountain Views,11
name,Clifftop Retreat- Seaviews,11
name,Beachside Apartment,11
name,#56 Le Petite Palais - La Voyageur Waterfront Apts,11
name,Cosy 1 bedroom +ensuite with own entrance in the Christchurch hills.,11
name,Kūkupa Matairangi at Akaroa Lavender,11
name,Kanuka Retreat,11
name,"Charming Rose Cottage, Akaroa",11
name,#70 The Penthouse Suite,11
name,Rustic Cabin,11
name,Mill Cottage with Spa and Sauna,11
name,Beach Front Paradise,11
name,Laneside - Akaroa Holiday Cottage,11
name,"Orchard Cottage, Diamond Harbour",11
name,Modern home near the beach,11
name,The Sumner Loft,11
name,Central city home with carpark sleeps 5,11
name,Central City Rm lounge & office,11
name,Relaxed Kiwi Bach Over Akaroa Harbour - Port Watch,11
name,Retro Hut,11
name,Duvauchelle Dream,11
name,Great Location Kotuku Rose large family home,11
name,C-Side-R (Modern Beachfront Living),11
name,Spacious and centrally located,11
name,Sleepout by the Beach,11
name,West peak Cottage- Okains Bay,11
name,Delightful Dolphin 'Lodge',11
name,"Number One Archdalls,
Robinsons Bay",11
name,Cosy Beach Retreat,11
name,Beachside Nest,11
name,Bay View Family Retreat,11
name,Tranquil hideaway,11
name,Akaroa apartment with sea views,11
name,Glenwood Akaroa Bush Retreat,11
name,City Centre Apartment on Gloucester,11
name,Panoramic Perfection,11
name,"The Red House, Pigeon Bay",11
name,Fyffe Executive Spa Studio,11
name,Luxury in Fendalton with Spa,11
name,Villa Akaroa - Akaroa Pet Friendly Holiday Home,11
name,Lyttelton Boatique House - Marina/Harbour Views,11
name,City Top Floor  Studio Apartment with lift access,11
name,Redcliffs Treehouse,11
name,Your own Eco friendly bedroom + lounge unit,11
name,"Safe, Clean & Cheap for One",11
name,Merivale Executive Stays- 2 Bedroom Apt,11
name,Coastal Sands Escape 1 bed 1 bath with sofa bed,11
name,Central City Apt. 2 bed with Private car park,11
name,"Best Location Park, Hospital, Supermarket, handy.",11
name,New 300m/4 min walk Te Kaha One NZ Stadium carpark,11
name,Central Convenience on Armagh,11
name,Purau Luxury Retreat with Spa,11
name,New stylish apartment in the heart of CBD,11
name,Contemporary living by the sea.,11
name,"Amazing Sea views, self-contained. Christchurch",11
name,Harbour Escape - tiny home in Lyttelton,11
name,Warm CHCH Apartment: Park View & Garage Parking,11
name,Parkside Relax townhouse Free Parking EV charger,11
name,"Family-Friendly, City Fringe with Free Carparks",11
name,Modern 5 bdrm House perfect for groups & families,11
name,Scandinavian City Escape | Walk Everywhere in CBD,11
name,Luxury 2BR Apartment on Worcester Street,11
name,KaleidoNook: Enchanting 3-BR Magic on Rugby St.,11
name,Explore Addington and CBD 1 Bed w/Carpark,11
name,Garden City Getaway 4 Bed + Sofa Beds,11
name,"Spacious, Comfortable Clocktower Lane Apartment",11
name,2BR Getaway | BBQ & Game Room | Sleeps 5,11
name,Garden Cottage near airport,11
name,Cosy Home in Christchurch,11
name,Luxury New Chic 2Bed Home Near Northlands Mall,11
name,Grand Hotel & Bar Akaroa - King Room En-Suite,11
name,Executive Living Space on Avon River,11
name,Graceful Stay 3BR beside UC,11
name,Fendalton Villa/Warm/Quilt/School/Airport,11
name,Inner-City Apartment - Halgey Ave,11
name,Brand New & Central Townhouse,11
name,Central City Boutique Escape,11
name,Merivale - A walk to the city,11
name,Beachtown retreat,11
name,Family Friendly Home in Wigram w/ Style and Space,11
name,2 Bedroom Inner City Comfort and Style,11
name,Christchurch escape pod- 1 bed loft,11
name,Amazing private space to rest and relax,11
name,Stylish Comfort in Fendalton  - Sunny 2 Bedroom,11
name,Comfortable 2BR in Salisbury Street,11
name,"Luxury at its best, Quail's Nest",11
name,City centre apartment unlimited WIFI,11
name,Beach retreat at Beachville,11
name,"Spring special CBD, free parking",11
name,City on Foot | Comfy Townhouse Getaway,11
name,The Gatehouse at Greystones,11
name,"Character villa, fully furnished",11
name,Okuti Cabin,11
name,Discover Central City: 4 Bed Retreat,11
name,Redcliffs-Sumner Award Winning Contemporary Studio,11
name,4B on Rearsby,11
name,The City's Best Kept Secret 2 Bed 2 Bath,11
name,Waterfront holiday Home - Vizcaya,11
name,Central City Apartment with Lift Access,11
name,Beautiful historic cottage,11
name,Tuam on Top! Sleeps 5,11
name,Hilltop House with Ocean Views,11
name,"Private Room, bathroom & kitchen - Cass Bay",11
name,Parkside Retreat-Modern Comfort Near the Hospital,11
name,The McMahon Suite – Historic Charm in Central ChCh,11
name,Brockworth Cottage,11
name,5 Large Bedroom Villas Suitable for 10People (CBD),11
name,Birdsong Lodge,11
name,The Crow's Nest,11
name,Single Level Retreat 1 bed 1 bath with Balcony,11
name,Modern Stylish Townhouse in the Heart of Chch CBD,11
name,Sanctuary in St Albans: Chic 2-Bedroom Retreat,11
name,Central City Bungalow,11
name,Studio with City Views in Central Christchurch,11
name,The Boathouse - Akaroa Holiday Home,11
name,Hilltop Hideaway Akaroa,11
name,Escape to Duvauchelle,11
name,2 bedroom self contained unit,11
name,"Sunny, modern apartment with sea views",11
name,Modern Inner City Retreat-Walk to Parks and Cafes,11
name,Mumfords Akaroa,11
name,Pointers - Akaroa Holiday Home,11
name,Peaceful holiday home in Duvauchelles,11
name,"Stylish, charming, stay in our most chic suburb",11
name,Double room with en suite and breakfast,11
name,Bushside Cottage - Akaroa Holiday Home,11
name,#62 The Turret - La Voyageur Waterfront Apts,11
name,Historic Shipping Office - Akaroa,11
name,Garden view/Double bed/Heat Pump/Private Entrance,11
name,Bay views and birdsong,11
name,Kūkupa Taunga at Akaroa Lavender by Tiny Away,11
name,Birdsong Bliss - Takamatua Holiday Home,11
name,Experience all the entertainment Christchurch has,11
name,"Spacious, sunny, harbour views and close to town.",11
name,Fabulous Guest Wing near CBD & Airport inc Netflix,11
name,Harbour Haven - Akaroa Holiday Home,11
name,Cockle Lane Beach Studio Two,11
name,Group Accommodation *Special discounts Apply*,11
name,Coastal City Retreat - New Brighton Accommodation,11
name,#72 3 Bedroom Apt with partial Water Views,11
name,Relax overlooking Akaroa Harbour,11
name,Much more than a hotel!  Central city location.,11
name,Your own space in an apartment. Close to stadiums,11
name,Peaceful paradise,11
name,Kotare Point Paradise - Akaroa Holiday Home,11
name,Akaroa Retreat Gatekeepers Cottage,11
name,Woodbury Cottage - Cozy & Quiet,11
name,Two Bedroom Spa Apartment at Bella Vista Motel,11
name,Protea Cottage.  A place to connect with nature.,11
name,Town House Haven in St Albans,11
name,Hatfield House,11
name,Self-contained private ensuite by the river,11
name,3 bedroom townhouse Opposite Hagley Park,11
name,Brand New 3BR Home with Parking,11
name,Fantail Cottage with Sea Views - Akaroa Home,11
name,Yurt in the Garden,11
name,#25 The Bruce Waterfront Apartments by AVI,11
name,Amazing Christchurch City and Alpine Views,11
name,Akaroa Coastal Studio,11
name,Gipsy cabin on the Wildside of Banks Peninsula,11
name,Grand Hotel & Akaroa - Queen Room En-Suite,11
name,Grand Hotel & Bar Akaroa - Triple Room En-suite,11
name,Chemin Wonder - Akaroa Holiday Home,11
name,Le Solterre - Akaroa Holiday Home,11
name,Sunny Private King bed  near uni/mkts/airport,11
name,"Historic Pavitt Cottage, Robinsons Bay.",11
name,The Cozy Cocoon 1 bed 1 bath apartment,11
name,Cockle Lane Beach Studio One,11
name,Sun Baked Duvachelle's Views,11
name,Pool House - Peaceful Sun Trap,11
name,Spacious room in Family Home,11
name,Queen bedroom with ensuite.Close to Airport & City,11
name,Queen Bed - bedroom 2,11
name,CBD Location Sunny Warm Free off Street Parking,11
name,Villa Heights . Native Bush and birdsong,11
name,Lavender Cottage at Akaroa Lavender,11
name,Les Troupes Maison Nature,11
name,Les Troupes Maison des Papillons,11
name,Comfortable Stay With Affordable Price.,11
name,Self-contained 2 bedroom apartment,11
name,Fantail Loft,11
name,Cliffside - Akaroa Holiday Home,11
name,Cosy on Colombo,11
name,Stylish LUX Homes 4 Bed  CBD Walk to Cafes Latimer,11
name,Stylish City Apartment,11
name,"Stylish 2BR, 2BA Retreat with Yard in Christchurch",11
name,Airport Express Cosy Studio 3 min drive to Airport,11
name,Beautiful Central City Villa - Whole House,11
name,Modern Spacious Hillside Retreat with Scenic Views,11
name,Rare Find 3 bed CBD Single Level with 2 car parks,11
name,Banks Peninsula Cottage-Paradise near Christchurch,11
name,Luxury Diamond Harbour Retreat with Ocean Views,11
name,Views at Cannon Hill,11
name,Central City Heaven Spa,11
name,single room 10 mins nearby the airport,11
name,Five Acre Farm - The Cabin,11
name,Very tidy & city central place,11
name,Kaihope Cottage,11
name,Modern spacious apartment in CBD,11
name,AnB’s AirBnB - end room,11
name,Repose x Head Of The Bay Stay,11
name,Cottage by the Beach,11
name,Fantail Coastal Cottage,11
name,Garden Cottage,11
name,"Sunny beachside retreat, Hot Pools,
Christchurch",11
name,Bristol Street,11
name,Warm room in modern home,11
name,Haka House-Entire 6 Bed Dorm Ens,11
name,Haka House Entire 4 Bed Dorm Ens,11
name,Bright & Stylish 2BR Near Addington Park,11
name,Tui Triple - sole use for your group,11
name,Modern 3-Level City Apartment Prime Cashel Street,11
name,Luxury Brand New 2 Bed 5 Minutes From CBD,11
name,lazy porch studio,11
name,Chic in the City,11
name,CBD Quiet Upstairs Studio Apartment,11
name,The Nest – Modern Studio Retreat with Parking,11
name,New Lease of Life for Unit 8,11
name,Christchurch Getaway,11
name,Self Contained Guest House.,11
name,Sumner beachfront townhouse,11
name,Restful rural retreat,11
name,Coastal Cosy Sun-drenched on Beachville,11
name,Cozy and Chic in Central Christchurch,11
name,Halfmoon Cottage,11
name,Sumner Ocean Views,11
name,Elegant Living in Gloucester – Your Ideal Getaway,11
name,Funk in the City - Luxury Apartment with Garage,11
name,Brand New 2BR Home with Parking,11
name,Perfect 1-Bedroom Retreat Near the Airport,11
name,Huntsbury Hill - private entrance Studio room,11
name,Alpha Motel Eco Spa Studio,11
name,"Longterm double, twin or triple in central city",11
name,Tui's Retreat - Duvauchelle Holiday Home,11
name,Papakowhai Bach,11
name,Overton Cottage - Akaroa Holiday Home,11
name,"Large trendy 3 Bedroom Residence, Central City",11
name,Stylish City Apartment with  Balcony and Parking,11
name,City Townhouse 2BR 2BA with EV Charger & Work Desk,11
name,"Near, but feels far",11
name,"Lovely, sunny ensuite home with most facilities",11
name,Sumner Beach Retreat - Steps to Sand & Surf! + Spa,11
name,Overleigh Homestead,11
name,Modern Diamond Harbour Hideaway,11
name,Marine Bach - Diamond Harbour,11
name,Riccarton 里卡顿单间2,11
name,"Beach Hideaway, Sumner",11
name,Moncks bay retreat,11
name,Renovated villa in Little River,11
name,Cave Rock Guest House - Sumner beach apartment,11
name,Nikau Nest in Cass Bay / Lyttelton,11
name,Cosy Studio In CDB With Kitchenette,11
name,Major Vista,11
name,Stay at the Birdhouse!,11
name,Room with a View,11
name,The Bolthole - Charteris Bay Holiday Home,11
name,One Bedroom Apartment @Cranford Cottages and Motel,11
name,City Centre 5 Bedroom Group Accommodation,11
name,Takamatua Lavender Loft,11
name,2 bed 2 bath with Carpark near Canterbury Uni,11
name,Central City Hideout with/Free Car parking,11
name,Christchurch Westfield holiday home,11
name,Modern & Cosy Timber Guesthouse,11
name,"Sunsoaked & Stylish 3 Bed, 1.5 Bath Home w Garage",11
name,"Garden View Apartment, private and sunny.",11
name,Enchanting Getaway in Merivale,11
name,2BR Movie-Themed Retreat | Sleeps 5,11
name,Merivale Court Family Suit(2bedr)-Unit 4,11
name,Location - Spacious Apartment in City Centre,11
name,Central City Apartment. Sleeps 4. Elevator Access,11
name,Lovely CBD Studio on Allen,11
name,Stadium Central 2– Modern CBD Stay w/ Secure Entry,11
name,"City Paradise  
CabbageTree Retreat",11
name,Charming 3-Bedroom Retreat with Modern Comforts,11
name,Discover Elegance - New central Haven. 3 bedroom,11
name,Sunny Room in Central City,11
name,Strowan manor - off street park,11
name,Two Bedroom Spa Bath Apartment,11
name,Chic Private Studio 6mins from Airport & shops/bus,11
name,City Escape 2B2B in Central CHCH,11
name,Convenient Urban Townhouse 2 carparks available,11
name,Grassmere Estate  With Beautiful Tranquil Gardens,11
name,Church Bay Hideaway - Beach Access & Sea Views,11
name,"An Easy Walk to the CBD - 2 Bed, 2 Bathroom",11
name,Cosy Room,11
name,Unit in Ilam,11
name,Relax and enjoy your stay…!,11
name,Small/Single bedroom with private shower & toilet.,11
name,Haka House - Twin room,11
name,Bungalow in Riccarton,11
name,Montreal Tack Room,11
name,Brand New 2BR Home - Close to Everything,11
name,"Central City, Stylish Studio Living",11
name,"WakeUp in CHCH Urban Oasis, Close to Arena&Railway",11
name,Cozy Super king bed/garden view/self check in,11
name,Room with Queen Size bed - bedroom 1,11
name,Feel the serenity **Perfect for families**,11
name,"Eleven week rental Chch fabulous quiet garden
home",11
name,"Perfect Position, Hagley Park",11
name,Luxury Life Galore - Sleeps 4,11
name,Misty Meadows Manor - Your Urban Oasis,11
name,Haven in Hillmorton,11
name,2 bed house near Beach + Cycleway 15min to CBD,11
name,Sea View Retreat,11
name,Boat house by the sea,11
name,Central Studio With Free Private Parking,11
name,Beautiful sunny apartment with off street carpark,11
name,Classic Kiwi Style Accommodation,11
name,Beauty in the CBD - 1bed | Free Parking | Pool,11
name,Central & Stylish - Bedroom & Private Bathroom,11
name,Spacious home close to the waterfront,11
name,Akaroa Cottage,11
name,"Private, Cosy Self Contained. Long Stay's Welcome",11
name,"Sunny, Queen Suite Breakfast Included Room 1.",11
name,Luxury Penthouse in the City,11
name,Unique NewYork loft apartment in Heritage Building,11
name,sunny house ( near airport),11
name,Modern 2 bed Hagley Park Riverside Market,11
name,Lovely 2BR House on Aberdeen Street,11
name,Luxury new 3 bedroom house in central city 5 star,11
name,Serene Spaces on Tuam - 2-Bedroom Apartment,11
name,Children's Bay Exclusive - Akaroa,11
name,Luxe Living in Christchurch CBD ** Free Parking!,11
name,3min walk to shops &10min drive to city +FreePark,11
name,The Herb Farm Cottage - An Idyllic Rustic Retreat,11
name,Modern Townhouse | Prime Location + Carpark,11
name,Akaroa Coastal Cottage,11
name,Spacious 2BR 2Bath Home Base on Gloucester Street,11
name,Central Christchurch - double room. Free parking.,11
name,Libeau Cottage - Akaroa Holiday Home,11
name,Paradise by the beach!,11
name,Gated free car park~Central~2 Bathroom,11
name,Stylish~Central~Gated free car park-King Beds,11
name,"Location, stunning new townhouse",11
name,Outstanding on Aikmans!,11
name,Surf Break Apartment 2,11
name,Double bedroom with a Queens bed,11
name,Spacious 5BR Family Escape on Busch Lane,11
name,Tranquil And Entertaining Lifestyle 3 Bed House,11
name,Stylish Boutique Townhouse Luxe Comfort,11
name,1 Bedroom Gem with Hagley Park at your Doorstep,11
name,Stylish~Central~Gated free car park-King Bed,11
name,Gateway to Hagley Park - 2 Bed w/Carpark,11
name,Private modern residence in central location,11
name,Lincoln road modern townhouse,11
name,"Family-Friendly | Spa, Games Room & Secure Parking",11
name,Cozy 1 BR 1 Bathroom studio,11
name,"Peaceful Garden Studio: separate, no cleaning fee",11
name,Architectural Luxury Retreat/Parking/Sky/Sleeps 11,11
name,Cosy home in Arena stadium with secure car park,11
name,Central City-Urban Oasis 1 bed 1 bath w/sofa bed,11
name,Waipapa -The Heart of the Harbour (& breakfast),11
name,Stylish Townhouse in Riccarton With Free Parking,11
name,Hagley Park Retreat - With Free Parking,11
name,Park view on Hagley Park,11
name,"Stylish, Comfortable Clock Tower View Apartment",11
name,"HOME AWAY FROM HOME
ARENA#STADIUM#TRANZALPINE#CITY",11
name,Nifty on Norfolk,11
name,Elegant 2-Level Penthouse with Panoramic Views,11
name,"Airport Luxury, no cleaning fee",11
name,Funky and Floral Central City Stay,11
name,Charming family cottage in Somerfield,11
name,New Townhouse - Walk to your Coffee and shops,11
name,Close to airport getaway,11
name,Cozy 2-Bedroom - Kitchen Yard Central Location,11
name,Burnside Launchpad,11
name,Urban Gem in the CBD - Wilmer St Studio,11
name,Central Charm 2 bed 2 bath with sunny Balcony,11
name,Merivale Self-contained Studio,11
name,The perfect Christchurch Escape！,11
name,Central | Sleeps 3 | Free Parking Space,11
name,New Beautiful City Centre Townhouse,11
name,Bright Studio with Balcony on Bath Street,11
name,Alpha Motel One-bedroom with Spa,11
name,Spacious 4 Bed Family Home,11
name,Merivale/Hagley Park Favourite - Stylish & Quiet,11
name,"Coombe Farm, B&B, Akaroa, Banks Peninsula",11
name,Pinot's Pod,11
name,Home Away From Home CBD Location,11
name,Two Bedrooms townhouse with free Park near Hagley,11
name,Cozy 1BR Apartment with Hagley Park View,11
name,Central City Work or Play Pad!,11
name,Vintage charm - 1930s Home with Luxe Bedding,11
name,Character Home - Modern Comfort | Close to Airport,11
name,Two Bedroom Townhouse at Airways Motel,11
name,Modern townhouse in amazing location + carpark,11
name,City Centre 2 Bedroom Apartment,11
name,Cosy 2 Bed Single Level House Near Uni And Airport,11
name,The Pool Studio,11
name,City Centre Studio,11
name,Fyffe Two Bedroom Family Unit,11
name,Modern Bright 2BR w/ Balcony & Hagley Park Outlook,11
name,Luxury Living in Amazing Location - 2 Car Parks,11
name,City heaven on Tuam Street 2beds1bath,11
name,Maison Rouge,11
name,The Pool House @ Woodford Grace,11
name,"2BR Townhouse, Riccarton Mall, Hagley Park",11
name,4BR City Escape | Family-Friendly + Parking,11
name,Merivale Gem: 2BR Townhouse Oasis,11
name,Halswell 2 bedrooms Retreat,11
name,Walk to Canterbury Uni has own private car park,11
name,"Quiet, Private, Exclusive Spot!",11
name,Charming 1BR Apartment on Ferry Road,11
name,French Peak Loft - French Farm Holiday Home,11
name,Your own spacious studio near the Airport,11
name,Eclectic Cottage 2 minutes to airport,11
name,"Leafy 2BR Studio, 10 mins to airport",11
name,Bevington - handy and private close to airport,11
name,Le Bons Bay - The old hall,11
name,Woodside - Akaroa Holiday Cottage,11
name,Charteris Bay BnB,11
name,Christchurch Airport Stop,11
name,Central Ground Floor Apartment,11
name,#69 Romantic Waterfront Apt  4-Poster Bed & Spa,11
name,"Spacious Guest Suite, Cass Bay Beach, Christchurch",11
name,Luxury in Ilam | Walk to Uni,11
name,Grand Hotel & Bar Akaroa - King Twin En-Suite,11
name,Cosy self-contained unit,11
name,"5 minutes from CBD Parking, Pet / Child Friendly,",11
name,Central City Escape – in the Heart of Christchurch,11
name,Tranquillity with city views at The Bothy,11
name,Peaceful four bedroom holiday house near airport,11
name,Luxe Central City 2 bedrooms with Carpark,11
name,Cathedral Junction Apartment,11
name,Family home for relaxing and fun,11
name,Walking Distance CBD 2 Bdrms Secure Park,11
name,Chic 3-BR CBD Gem in Christchurch: Prime Location,11
name,The Little Red Hut,11
name,The Hidden Doors,11
name,"Heritage Cottage, Retro Touch, walk to CBD",11
name,Waterfront 2-bedroom apartment with car park,11
name,Spectacular views at Wainui Waterfront Haven,11
name,Boutique French Apartment with a Sea View,11
name,Skyline Studio by airport w/home theater &Netflix,11
name,Central Christchurch Cottage,11
name,Central City 2 Bed Townhouse With Free Parking,11
name,The Rose Room at Blythcliffe,11
name,Exceptional Value For Money Sunny Warm 5 Mins CBD,11
name,A Hidden Gem on Lincoln Road,11
name,Lyttel BOS Studio,11
name,Spacious City Apartment with stunning views,11
name,Long Cottage Mews Townhouse,11
name,Deluxe Queen Room,11
name,Spacious 3 Bed Family Home Close to CBD,11
name,Trinity Studio Apartment.,11
name,"Under the Yellow Canopy, Mt Pleasant, Christchurch",11
name,Free Secure Park CBD Location 2 Bdrms 5 mins CBD,11
name,Urban Studio Escape Central City,11
name,French Farm Winery,11
name,Modern Living in 1800's Hotel,11
name,Luxury & Quiet stay @ Entire House in Christchurch,11
name,Halfmoon Cottage at the end of  Akaroa harbour.,11
name,Male Dormitory,11
name,Stylish oasis in central city,11
name,Quality Centrally Located Two Bedroom Apartment,11
name,City Garden Retreat: Private Room in Urban Oasis,11
name,Penthouse Studio,11
name,City Centre Comfort – 3BR Townhouse with Parking,11
name,The Captain's House,11
name,Tree house in a penguin colony (in season),11
name,Designer beauty townhouse on Peacock with garage,11
name,Memorial holiday home,11
name,The Velvet Suite,11
name,3Bedroom Family House Close Airport,11
name,Stylish one bedroom entire apartment Speedy WiFi,11
name,Settlers Retreat (quiet oasis) with own entrance.,11
name,Mallside Retreat close to city,11
name,Home on Hoani,11
name,Comfy entire townhouse with enhanced cleaning,11
name,Allandale Bush Retreat,11
name,Country House - Super King Space,11
name,Ohinetahi Guesthouse,11
name,Cath's cottage,11
name,Bayview Beauty - Charteris Bay Holiday Home,11
name,Luxury accommodation in paradise,11
name,"2BR Townhouse: Cosy, Close to City, Car Park",11
name,"Executive Private Studio, close to Uni and Airport",11
name,Max Three Bedroom Spa Penthouse,11
name,Two Bedroom Family Spa Unit,11
name,Alpha Motel Deluxe Spa Studio,11
name,"City Comfort | Indoor Swimming Pool, Gym & Parking",11
name,"Prime Top-Floor Apartment, Pool, Gym, Walk to City",11
name,Peaceful Inner-City Studio – Bath Street,11
name,Alpha Motel Top Spa-Bath Studio,11
name,Urban Retreat at 8 Wilmer: Upper Level Studio Gem,11
name,Quiet Central Studio – Wilmer Street Retreat,11
name,"Modern Twin Studio, close to Uni and Airport",11
name,Family-Friendly 2-Bedroom Apartment & Parking,11
name,Alpha Eco Trip Two-Bedroom House,11
name,Merivale Court One Bedroom Apartment-Unit 8,11
name,Clarence Cottage,11
name,Stylish 2-Bedroom Haven Next to Hagley Park,11
name,Stylish Urban Escape – Wilmer Street Apartment,11
name,Lovely Family Home,11
name,Te Whare Rimu -  a mix of character and comfort,11
name,"Haven near Hagley Park, Hospital, Parakiore, Avon",11
name,Prime Location Hagley Riverside Hospital,11
name,Alpha Motel City Spa One-Bedroom,11
name,Contemporary guest quarters in Halswell,11
name,CBD Gem Walk to everything 3 bedroom 2 bath,11
name,Cosy house Christchurch,11
name,CBD Studio on Wilmer Upper floor,11
name,Modern Home in Riccarton. Walk to Westfield Mall,11
name,Modern Grandeur,11
name,Central City 2 Bedroom Apartment with easy carpark,11
name,Fendalton Villa - Christchurch Holiday Home,11
name,Modern 3 bed Overlooking Hagley Park,11
name,"City - Comfort, Private & Parking- long stay deals",11
name,Tiny Angel’s Home,11
name,Clocktower Lane Group,11
name,"Modern, new, family home",11
name,Traveller & Business Guest Suite,11
name,"Home away from home, near CBD",11
name,Lovely 2BR Home close to Center,11
name,Alpha Motel Deluxe One-Bedroom,11
name,Alpha Motel Business One-Bedroom,11
name,Alpha Motel City Spa-bath Studio,11
name,Relax Spa One-bedroom,11
name,New Cosy Duplex with Double & Single BRs,11
name,One bedroom suite with space,11
name,Modern and Central.,11
name,Clocktower Lane Contemporary Group,11
name,Peaceful retreat with city and mountain views,11
name,Superb park side haven in Central Christchurch,11
name,Modern stay near stadium,11
name,The School House,11
name,"Central location, walk to the shops",11
name,Cosy Oasis Close To CBD,11
name,Sunny Studio Haven in Central Christchurch,11
name,Fyffe Studio Unit,11
name,Stylish & Spacious: 2BR Wilmer Street Apartment,11
name,Inviting & Comfortable Upper Studio in Wilmer,11
name,Brand New Luxury 3BR Apartment in Christchurch CBD,11
name,Park View Estate,11
name,2 Bedroom fully self-contained Apartment,11
name,King Room - Accessible,11
name,Freshly Renovated Studio Unit #3,11
name,"Immaculate presentation, carpark",11
name,Central Stay 1 bed Studio,11
name,Townhouse on Armagh,11
name,"Twin studio self contained, serviced, Warm, quite",11
name,Cozy Grey Garden-Walk to Central city-Free parking,11
name,New 2Bdrm 2Bthrm Hospital CBD Hagley Park Location,11
name,"Stylish City Apartment, Gym, Pool + Parking",11
name,Westmorland 3 bedroom Apartment,11
name,"Lovely,convenient location gateway Westfield mall",11
name,Studio Bliss: Explore from Wilmer St,11
name,Stellar Central City Apartment -  Hagley Park,11
name,Best of Central Christchurch 2 bed 2 bath,11
name,Triple Treat on Fitzgerald - Your 3-BR Getaway,11
name,Jeffreys Road,11
name,Private Ensuite Room,11
name,Bedroom by the Beach,11
name,Back House of Papanui,11
name,Two townhouses together - large group,11
name,Central Christchurch Heartstay Studio,11
name,"Luxurious Studio: Prime location, City Centre",11
name,"Close to City, Shops and Transport",11
name,Studio near Hospital with Balcony,11
name,Central City Escape 1 Bed 1 Bath near Hagley Park,11
name,Funky Spacious 2Bdrms 2Bthrms Free Covered Park.,11
name,Single-Level 3 Bed with Carpark and Lift Access,11
name,Central City Apartment 'The Olive',11
name,City on your doorstep. Super location 1 bed apt.,11
name,Prime Location Cosy Warm Free Off Street Park,11
name,Luxury Sunny Warm CBD At Doorstep.,11
name,Central Bealey Retreat,11
name,Chic City apartment. Free parking for 2 cars,11
name,Spacious 2BR Apartment in Kilmore Street,11
name,Urban Escape | Winter Specials + Prime Location,11
name,Brockworth by Hagley Park,11
name,Worcester Terrace 201,11
name,Inner City Luxury - 2 Bedroom 2 Bathroom,11
name,Cosy and Central Family Home,11
name,Stylish Fendalton Townhouse - Prime Location,11
name,Merivale Court Studio(without kitchen)-Unit 9,11
name,Three Bedroom Georgian Retreat,11
name,Spacious Family Home in Top Location,11
name,A Little Bit Beachy: Modern Room/Private Toilet,11
name,Modern Stay | Hagley & Casino,11
name,Quiet New Townhouse with Office Space easy park,11
name,Whitewood Suites Apartment 1B,11
name,Cityscape Studio: Explore Wilmer Living,11
name,"Comfortable, Contemporary City Space",11
name,"""Urban Oasis on Riccarton Road""",11
name,Spacious Executive Apartment close to the city,11
name,Double room near the beach in North New Brighton,11
name,Handy city center. Simple room,11
name,House of Serenity.,11
name,One Bedroom Family Apartment,11
name,Spacious City Apartment: Heart of Christchurch,11
name,"St Alban's Sanctuary(offstreet parking, 3km 2 CBD)",11
name,* Steps from the Arena – Modern Addington Stay,11
name,5 Minute Walk to Arena & Stadium,11
name,Apartment As Home,11
name,Modern Stay Opposite North Hagley Park & Casino,11
name,"Spacious Studio Suite, Private location",11
name,Charming Studio for 2 in the Central City,11
name,Executive Ground Floor Apartment in Merivale,11
name,Modern 2Bed 2Bath in city centre,11
name,Newly Renovated Downstairs Studio Unit #5,11
name,Relaxed & Refined: 2BR Home on Wilmer Street,11
name,3 Bedroom house in quiet street,11
name,City Park Townhouse,11
name,A Road Away from Hagley Park 2 bed 2 bath,11
name,Urban Comfort on Durham St Walk Everywhere,11
name,Somerfield Studio Retreat,11
name,Large Double Room North New Brighton Christchurch,11
name,Summer Fun | Free Secure Parking | Pool | Gym,11
name,"Urban Escape: Ground Floor Studio, Wilmer St",11
name,New 3 Storey luxe townhouse on quiet street,11
name,Halswell lovely modern 4 Bedroom Home,11
name,Walk to Riverside Market: 4 bed 4 bath w/ Car Park,11
name,Downtown Bliss - 4-BR Retreat Amidst the Cityscape,11
name,"Magnolia Cottage Boutique BnB
- Private Suite -",11
name,2 Bedroom Rose Cottage Farmhouse Free Parking,11
name,Stylish Retreat – Studio Apartment on Bath Street,11
name,Dual Studio Apartments CBD,11
name,The perfect stopover for the two of you,11
name,St Martins: by the port hills,11
name,Family Haven - mins from airport,11
name,Central 2-BR Townhouse w/ Free Carpark,11
name,Nestle Studio/CDB/Brand New/ChCh CDB,11
name,Heart of the CBD 2Bdrms 2Bthrms secure park,11
name,City Centre*3Bdr*4Beds*2.5 Bath*Carpark*Wkly Disc.,11
name,Kitchenette Studio City Center NO CLEANING FEE !!!,11
name,CBD Luxury Apartment Free Parking Stunning Views,11
name,"Sunny Garden Retreat – Near Mall, City & Airport",11
name,Cozy 1BR Home in the Heart of Ferry Road,11
name,CBD stylish Brand New Sunny 2Bdrm 2Bth Sleeps 5,11
name,Peaceful City Cottage & Hot Tub,11
name,Inner city retreat.,11
name,Self Contained Unit 18,11
name,City Haven 1BR Near Ara Institute and CBD,11
name,Relax Central City Studio South City Mall,11
name,City Center Sanctuary - 2BR with Carpark,11
name,"Modern King Studio | Netflix, Disney+ & Parking.",11
name,"Hidden Gem ★ Christchurch City, Breakfast ★",11
name,Waimairi Road - Handy to University,11
name,Fitzgerald Focus - Your 1BR Urban Oasis,11
name,Sunny Art Deco home in St Martins by the hills,11
name,Comfortable stay with comforting view,11
name,★ ★ Gorgeous Hideout | Close to Everything ★ ★,11
name,New State Of The Art Sunny Warm free Park,11
name,Bright and Spacious 2BR near Ara Institute and CBD,11
name,Urban Utopia 2 Bedroom Retreat,11
name,Grand 6BR Escape Steps from Christchurch’s Best,11
name,Stylish and Lush CBD Studio,11
name,Glamorous 2 Bed CBD Townhouse with King Bed,11
name,Stylish apartment in historic Edwardian building.,11
name,Redwood Accommodation.,11
name,Stylish Studio In the City Centre,11
name,Phillipstown Nook,11
name,CBD Gem - Studio on Allen Street,11
name,The Ultimate 4-Bedroom City Escape,11
name,Manor Cottage,11
name,Female Dormitory,11
name,Classic Twin Room,11
name,Orari Bed & Breakfast - Room 10,11
name,Orari - Room 08,11
name,Studio Apartment,11
name,2 Bedroom Apartment,11
name,Classic Queen Room,11
name,Contemporary Studio Comfort – Bath Street Unit,11
name,English Manor,11
name,1 Bedroom Apartment,11
name,Chic Riccarton Stay with Parking + Outdoor Space,11
name,Central Christchurch Studio - Allen Street,11
name,Bright & Airy on Tuam - 2 Beds Apartment,11
name,Upper floor studio 1 bed 1 bath with sofa bed,11
name,Classic Triple Room,11
name,"Cosy, lovely yard, new (CNZhouse)",11
name,Elegant Studio Living Near City Centre,11
name,Self Contained Studio,11
name,Central City Comfort: 2-Bedroom Stay on St Asaph,11
name,Chic Urban Nook – Bath Street Apartment,11
name,Great Deals at New Upmarket Appt,11
name,"2 Bed, 2 Bath w Sofa Bed - Great Cafes Nearby",11
name,Lovely and Bright CBD Studio,11
name,Bright Corner Unit 1BR CBD Stay,11
name,Cosy Retreat with Modern Touch,11
name,Park Motel 3,11
name,"3 private rooms up to 6 guests, spacious modern.",11
name,Studio Unit at Northwood Motor Lodge,11
name,One Bedroom Apartment,11
name,Redwood Rest,11
name,Prime location a short stroll to the city/Merivale,11
name,Studio Access,11
name,A luxurious Retreat Sleeps 6,11
name,Lovely relaxing warm and quiet 2 bedroom house,11
name,Cosy stand-alone studio - breakfast included,11
name,"Breathtaking Ocean Views in Modern Comfort, Room 1",11
name,Next to Hagley Park - 7 Night special deals,11
name,Superior Studio (Upper Floor) - Kauri Motel,11
name,1km away from Hagley Park Riccarton RM03,11
name,The net unit! Close to center and local hills.,11
name,Contemporary Central City Apartment,11
name,"Five Star luxury for one, in the City Centre",11
name,Romantic Shepherds Hut at Coombe Farm B&B,11
name,Tranquil Townhouse by Hagley Park,11
name,"Chic, homely with view, on park.7 mins to airport",11
name,New York Style Apartment - Inner City Location,11
name,"Private Bedroom, in a quiet 2 Bedroom home.",11
name,Honey for the Money Warm Sunny 10 mins CBD,11
name,"Queen Private Entry, Ensuite, Sunny Deck
Room 2",11
name,Seaside sanctuary,11
name,Charming Home in Prime Location,11
name,Superior Studio (Accessible) - Kauri Motel,11
name,Tranquil Bamboo Oasis - New 2 Bed Close To CBD,11
name,Funky Kiwi Caravan for Two!,11
name,West Wing in Burnside - 5 minutes from the airport,11
name,Brand New 3BR home opposite to UC,11
name,THE BIRD'S NEST - Secluded getaway!,11
name,Luxury in Christchurch!,11
name,Quiet haven near airport.,11
name,Stunning views and a pleasant private stay,11
name,The Lantern House,11
name,Executive Spa Studio A - Kauri Motel,11
name,Addington-5min Tranz-Rail /Event Centre/Races-Rm B,11
name,The Willow Room at Blythcliffe,11
name,"Family Home, Ideal for Relocations, Pets Welcome!",11
name,Papanui Paris Inspired Apartment,11
name,Opawaho retreat - private self contained space,11
name,Classic Single Room,11
name,Entire 2-bed House in Woolston,11
name,"Guest room, superking bed, downtown, free parking",11
name,Dyers retreat,11
name,NEW Studio 1 Bed/ 1 bath/ kit/living,11
name,Hidden gem - 3 bedroom house in Christchurch,11
name,Apartment in tranquil surroundings,11
name,Private Studio close to City,11
name,Modern Studio Retreat • Prime City Fringe Location,11
name,Brickledown Cottage in Central location......,11
name,Deluxe Downtown Residence 3Bed 3Bath,11
name,A Slice of Paradise in the City,11
name,Addington Delight - Christchurch Holiday Home,11
name,3 Bedroom Home With Garage & Extra Car Park,11
name,Apartment with great Views -Near Christchurch City,11
name,Dyers pass house,11
name,3 Bedroom Home - Central Location,11
name,"Cosy, Low-Tox, Unplugged, Sydenham Sanctuary",11
name,LyLo Ensuite Family Room,11
name,ETHOS Studio Unit,11
name,City Centre Apartment 5 mins walk to ChCh Hospital,11
name,Your Blissful Abode near Travis Wetlands,11
name,Quiet Cottage on the Hill,11
name,Your Whispering Grove near Travis Wetlands,11
name,Modern Central Apartment - Christchurch Apartment,11
name,Architectural Oasis | Serenity & Spectacular Views,11
name,Contemporary Home with Carpark,11
name,Charming 2-Bedroom Townhouse,11
name,Private self contained flat in garden setting,11
name,Spa Hideaway in Central City+Parking!,11
name,Central Apartment Stone Throw From Hospital,11
name,Clyde 106 - 7 Night special deals,11
name,Family holiday house,11
name,Christchurch Base,11
name,Dyers' Escape,11
name,Welcoming & spacious hillside retreat.,11
name,Cozy claw foot bath hideaway 5 min from CBD,11
name,"Charming, central, 2 bedroom haven.",11
name,Latimer Square City Apartment,11
name,Spacious 3 BR house near sumner,11
name,Large Family Home w Garden,11
name,Prime CBD Hospital Location Plus Garage 2Bdrms,11
name,Luxury Studio With Balcony - Close to Supermarket,11
name,Retro Chic NY Style Apartment.,11
name,Summer House with Pool,11
name,Queen bed for 1 or 2 guests,11
name,Cute apartment in great location,11
name,"The Nook, 800m to New Regent St",11
name,Long term double in colourful central city house,11
name,Serenity Getaway,11
name,"Okuti Country Cabin.  Sunny, private, peaceful.",11
name,Private Garden Cabin - on airport bus route,11
name,Orari Bed and Breakfast - Room 2,11
name,New Brighton Beach Explore - King Bed and sofa bed,11
name,Beach Escape,11
name,Beachfront 2BR Retreat with Stunning Views,11
name,"Free carpark! Walk to TePae, Townhall, Casino,Cafe",11
name,"One Bedroom Apartment, Hotel Carlton Mill",11
name,The best location for your stay!,11
name,Serenity in the Centre: 2 bed 2 bath,11
name,Cosy 1 bed Studio Motel Apartment in Central City,11
name,Coniston Cabin,11
name,warm house in south island,11
name,King Studio at Airways Motel,11
name,Urban comfort and parking near Avebury Park,11
name,Central City Charm: Pet-Friendly Studio,11
name,Deluxe Studio Unit,11
name,1910 Shepherd's cottage,11
name,3bed w Garage Minutes from the Action and Sleeps 8,11
name,Panoramic Views & Total Privacy. Romantic getaway.,11
name,"Modern House on a Great Location
close to city",11
name,Heavenly Hillside Haven,11
name,Studio Apartment Harbour View,11
name,Deluxe Triple Room,11
name,Ravensdale Vista,11
name,Room by Barrington Park,11
name,4 Minutes walk to Riverside Market!4bed 4 bath,11
name,Sea View Paradise with Hot Tub,11
name,Stylish and Sleek City Stay,11
name,Close to Canterbury Adventure Park,11
name,Modern Abode in Central Location,11
name,Dashing 2-Bedroom Apartment in Vibrant City Hub,11
name,Upper Studio Perfection: 8 Wilmer St. Gem,11
name,Executive City Pad Free Basement Park CBD 3 Mins,11
name,3 Minutes walk to Riverside Market 4bed4bath,11
name,Best location # Wigram # walk to amenities & food,11
name,Dune Retreat,11
name,"Modern 1BR Apartment | Netflix, Disney+ & Parking",11
name,Stylish 3-Bedroom Home in Prime City with Garage,11
name,Central Location New Luxury Secure Park 3 Mins CBD,11
name,Handy Riccarton Hagley Park CBD 10 Mins,11
name,Studio Unit,11
name,Downtown Delight: Studio at 8 Wilmer with Backyard,11
name,Central Oasis: Charming Studio with Backyard,11
name,"Central City Convenience: Cafes, Bars, Supermarket",11
name,3 Bedroom 2 Bathroom Hagley Parkside Perch,11
name,4mins walk to Westfield Riccarton Mall RM02,11
name,Divine on Derby - Christchurch Holiday Home,11
name,Hillside studio in sea side suburb of Sumner,11
name,"Luxury Retreat with Ocean Views,  Sauna & Plunge",11
name,Oma's Cottage,11
name,"Modern, Ground Floor, CBD, Own Car Park, 2-3 Beds",11
name,Spacious 4BR Central Apartment w/ Pool & Parking,11
name,Hartford House - Christchurch,11
name,Stylish 2BR Apartment in Christchurch CBD,11
name,Light-Filled Studio Close to South City Mall,11
name,Your Cosy Hideaway on Tomes Road,11
name,Harbour View Highlights,11
name,Designer Urban Escape | Stylish City Comfort,11
name,"Home in Parklands,
Forest Park",11
name,Hidden Paradise in Christchurch,11
name,Modern Central Outdoor Living Bonus Handy CBD,11
name,Family-Friendly 3BR | Games Room & Patio,11
name,Serene Two Bedroom Townhouse Close to Airport,11
name,The Wilmers Gathering Place,11
name,Governors Bay Waterfront Retreat,11
name,Tahi House – 2 Bedroom Retreat with Private Garden,11
name,Close to Airport - Sauna/Aviation/Motorcycle Twist,11
name,Penthouse Apartment Scenic Views-Spacious 2br,11
name,CBD Bright&Warm Home Free Parking in quiet complex,11
name,Spacious Family Home in Peaceful Halswell,11
name,1 Bed Central City Fringe Deluxe w/Carpark,11
name,Sophisticated Urban Luxury Living 1 Bedroom,11
name,Home in Avonhead,11
name,Diamond Harbour Hideaway Flat,11
name,Beautiful house close to Canterbury university,11
name,Cozy:Fully Equipped Unit 12noon check-in,11
name,Christchurch Central Apartment,11
name,Airport Haven  with Netflix. NO CLEANING FEE.,11
name,French Bay House - Mt Bossu Room,11
name,Scarborough sanctuary!,11
name,Relax & Escape | Incredible Views & Outdoor Bath,11
name,Treetops Cottage,11
name,Downtown Haven - Christchurch Holiday Apartment,11
name,Charming Downtown Hideaway 1 bed 1 bath,11
name,Sunny Oasis: Modern Loft Hidden on Cashel,11
name,Addington-10min/Rail/Wolfbrook Arena/Races/Room A,11
name,Smugglers Cove Escape  Sunrises in Super King Beds,11
name,Sumner Retreat,11
name,Lovely cozy beautifull double bedroom,11
name,"2 Private bedrooms sleeps4, Queen, King/or 2single",11
name,CBD 2 Bed 2 Bath Luxury Gem With Car Park,11
name,Mt Pleasant - Retro Living apartment,11
name,Whitewood Suites Apartment 3C,11
name,Parkside Retreat/5mins to airport/Self-Checkin,11
name,"Radnor Luxe | Hot Tub, Parking & Family Comfort",11
name,Three beautiful rooms give you a comfortable feel.,11
name,Beach Break,11
name,Botanic Bliss Bungalow: 1 bed loft,11
name,Diamond Harbour escape,11
name,*1 min walk to TownHall Te Pae - FREE Carpark,11
name,City Break Cottage for couples 27 mins CHC Airport,11
name,Inner City Comfort,11
name,'Kanuka cottage',11
name,Tranquil seaside summit retreat,11
name,Your own space in our hillside cottage,11
name,★ Beautiful New Home | Close to Airport & City ★,11
name,The Keep - Waimairi Beach,11
name,Okioki - Seaside Escape,11
name,City Escape on Hereford - last minute deals,11
name,"Golden Sun-Spacious, Modern 2&3 bedrooms home",11
name,1 Bedroom Central City Escape,11
name,City Centre 1 Bedroom Apartment,11
name,Recently Renovated Single Room in Quiet Location,11
name,Sunny smile,11
name,"Charming 100yr old home, near the Avon River",11
name,St James Mews- townhouse central to everything.,11
name,City-Fringe Room Available - Queen Bed,11
name,Lovely 1 bedroom service apartment -best view,11
name,"Resort Style with City Views, private room",11
name,Quality Barn Lodge for short or long term stay,11
name,Modern luxury four bedroom house,11
name,Large Family Home Near The Landing,11
name,Secluded garden getaway,11
name,Christchurch Airport Tiny House,11
name,Stylish 2 Bed Guest Wing near Airport inc Netflix,11
name,3 Bedroom House - NEW,11
name,Tranquil Oasis in the Central City,11
name,Modern self contained unit,11
name,Charming Sunny Warm 10 Mins CBD Book Now,11
name,Rose Cottage at The Elms,11
name,Beachfront Bach - retro at the beach,11
name,"Location CBD, Hospital, Hagley Park,Free Parking",11
name,Character Meets Comfort 2 Bedroom City Townhouse,11
name,Modern 2BR City Townhouse w/ Spa & Parking,11
name,The Majestic Retreat 2 bed 2 bath CBD,11
name,Harbour View - 3 Bedroom Retreat,11
name,Families and Groups Chch Airport Spa Pool,11
name,Santorini Sunset Haven,11
name,Inner City Luxury Apartment,11
name,"City Stadium Stay CBD Apartment A, CHC",11
name,#71 The Penthouse Suite,11
name,"* Rest Easy in CBD – 2 BRM, Free Park, Fast WiFi",11
name,The Hagley Park Stunna!,11
name,"Modern home with parking, spa pool & courtyard",11
name,Elegant 5BR Villa | Breathtaking Mountain Getaway,11
name,Modern Stylish New 3 Mins CBD,11
name,Stylish ~Gated free car park~King bed~Central,11
name,Stonely on Grahams,11
name,Central 1BR w Car Park Lift Access and Extra Bed,11
name,Classic Christchurch Comfort,11
name,Modern Central  City 4 Bedroom Townhouse,11
name,Spacious 2BR Stay in Salisbury Street,11
name,'The Tug Watch' private home with beautiful views.,11
name,Lux Achi-Design Townhouse park view in Latimer Sq,11
name,Wigram New Three Bedroom House,11
name,Stunning Park side house in Wigram Skies,11
name,Cozy 2BR Apartment on Salisbury Street,11
name,a cosy house in Wigram,11
name,Self-contained Unit @ Buddha Bungalow,11
name,Luxury corner 2BR Townhouse w/parking!,11
name,Cave Rock Guest House - studio apartment,11
name,Lyttelton Glamping 5 Star Tiny House,11
name,Maison de Marianne,11
name,Central City Apartment with Sunny Balcony,11
name,"City Stadium Stay CBD Apartment B, CHC",11
name,‘Home away from Home’ - Yaldhurst,11
name,"New Luxury town house on Salisbury with 65""TV",11
name,Apartment with a view,11
name,Single room 10 mins nearby the airport,11
name,Designer Styled Three Bedroom Apartment,11
name,Your Private Modern Escape | Entire House Retreat,11
name,City Centre Large 1 bedroom,11
name,Luxury 2Bed2Bath Standalone Home With Parking,11
name,Exclusive 2 Bed Standalone Villa in St Albans,11
name,Location Plus Free Off St Park Handy Hospital,11
name,Standard Cottage @ Cranford Cottages and Motel,11
name,Modern Private Unit,11
name,Chic Apartment in Riccarton - Modern Comfort,11
name,Avonhead Studio Just 5 minutes from the airport.,11
name,Kilkivan Retreat + near Airport,11
name,Spacious Sunny Cottage Close to Airport,11
name,Perfect for family stays,11
name,Halfmoon Cottage at the head of Akaroa harbour.,11
name,"Urban Elegance: 2 Bed, 2 Bath in the CBD",11
name,Elegant 3BR Home on Mustang Avenue,11
name,Modern 5-Bedroom Gem,11
name,Lux Local Living,11
name,Serene Living: 2-bed w/ Carpark,11
name,"Elegant Living by Middleton Park, Fully Equipped",11
name,Beautiful Richmond house & gardens,11
name,Cozy 2-Bed: Near City Biking and Trails,11
name,"Airport Studio, King bed. NO CLEANING  FEE.",11
name,Modern Town House in the Heart of Merivale,11
name,Stylish~Central~Gated free car park,11
name,"Superb 4 Bedroom with free parking, cafe next door",11
name,Modern guestsuite close to University,11
name,Stunning new home tranquil hill views,11
name,"Comfy 1-Bed Apartment with Park Views, Sleeps 4",11
name,Chic City Living 1 bdrm Sunny Warm Close CBD,11
name,The Willows Parkside Retreat,11
name,"Stylish, comforatable home close to city centre",11
name,Comfort and style - handy to Wolfbrook Arena,11
name,3 Bedroom House,11
name,Airport guest inn,11
name,Clean modern house in Riccarton,11
name,Grannies on the park,11
name,Forest View - Spacious & private full home retreat,11
name,Sleepout in Christchurch,11
name,City View In Central Chch with Free Valet Parking,11
name,Family home in Lyttelton,11
name,Stunning E-scape @ Cannonhill,11
name,Scarborough Coastal Getaway,11
name,Peace on Birdwood,11
name,Sawyer's Sanctuary,11
name,New heritage style townhouse,11
name,single room 10 mins drive to the airport,11
name,Beach Life Getaway!,11
name,Black Point Beauty,11
name,The Sea-nic Place,11
name,Budget Room  Centrally located,11
name,"Stunning sea, city & mountains view 2 bedroom home",11
name,Whare Piringa  ‘Haven’,11
name,Self contained & fully equipped,11
name,Sunnybrae Bed & Breakfast,11
name,"Stylish 2 BR Suite near CBD, TePae and Hagly Park",11
name,Chic Studio in the Heart of Christchurch,11
name,Stylish Riccarton 3BR Townhouse | Walk to Mall,11
name,Redcliffs Loft (self-contained),11
name,Charming 3-Bedroom Home Near Christchurch City,11
name,Room with a View to the Mountains,11
name,Villa on Wiggins - Sumner Beach,11
name,Modern house close to city and parks,11
name,"Self contained, private, sunny & peaceful retreat",11
name,Two Bedroom Family Spa Apartment,11
name,French Vintage Style Cottage Close To Central City,11
name,Sunlit 1BR in Christchurch CBD,11
name,On the Park,11
name,Alpha Motel officer One-Bedroom,11
name,Beckenham retreat-no cleaning fee,11
name,Little paradise in City Centre,11
name,Single Room 3,11
name,Relax and Enjoy in Sumner,11
name,Cozy double bed bliss/ garden view/self check in,11
name,1 Super king-sized bed 1bath New Brighton Beach,11
name,Single accommodation with own bathroom/ breakfast,11
name,Luxury Moncks Bay B&B over looking the sea.,11
name,Quiet garden room with sunshine,11
name,"Views Hills + Beach, warm double rooms available",11
name,A room in a home,11
name,Simply City Zen,11
name,"Room in brand new home with private shower,toilet",11
name,Relaxing Redcliffs,11
name,Stillpoint  Retreat,11
name,A peaceful haven,11
name,Stylish Studio- Walk  to Everything in the CBD,11
name,"Breathtaking Ocean Views in Modern Comfort, Room 2",11
name,Elegant 2BR Cathedral Square Apartment,11
name,Redwood Retreat,11
name,Jasmine Country Cottages  Cosy Retreat,11
name,Sunny modern room w/ door to garden & own bathroom,11
name,Cass Bay Home with a View,11
name,"Modern, spacious 2 bedroom apartment in CBD",11
name,"LOCATION - City Living, New, Modern, Chic",11
name,Water view Apartment,11
name,Cool,11
name,Coastal Comfort: Spacious 3BR Getaway in Redcliffs,11
name,Sweet Nemo's home,11
name,Near New Charming Central Apartment,11
name,Bayview Paradise by Tiny Away,11
name,Central Diamond Harbour Guest Suite,11
name,Mid-Century by the Beach,11
name,Lovely Sunny En-Suite Home,11
name,Entire place in Christchurch,11
name,Self Contained Unit: 10mins from CBD/ EV Charger,11
name,Pineapple Express,11
name,"Beachside Townhouse, 1 Bedroom",11
name,Light & Central CBD Stay,11
name,Beautiful room in quiet oasis,11
name,Three Bedroom Unit at Northwood Motor Lodge,11
name,A place for you to relax,11
name,ROOM TO RENT,11
name,Copper Beech Cottage,11
name,Hidden Gem - Homestay,11
name,Central Riccarton. Warm and modern,11
name,Beautiful 2 bedroom apartment in the CDB,11
name,Amazing Central City Location: 3bd + 2bth,11
name,Cashel Haven & Modern 4 beds 4 Bath Townhouses,11
name,Black Hut Retreat,11
name,Chic and Contemporary Living at Cambridge Terrace,11
name,Paton Place Harbour/Hillviews,11
name,Fabulous Views of city and alps,11
name,Cosy Room Christchurch Central,11
name,"Kowhai Cabin, Little River: Be Nurtured by Nature",11
name,QUEEN BEDR00M & ENSUITE-BREAKFAST INCLUD,11
name,Beautiful house and very near to CBD,11
name,The house is the back section,11
name,"Sunny Bayview Studio - Charteris Bay, Canterbury",11
name,Land Sea Adventure,11
name,"Chic City Escape | Sleeps 7 + Pool, Gym & 2 Parks",11
name,Riccarton 里卡顿单间,11
name,"Quality, modern,  sunny one bedroom apartment",11
name,Modern Luxury Central City Apartment,11
name,Fyffe One Bedroom Unit,11
name,Stylish Christchurch CBD 1BR,11
name,A touch of country in the city.,11
name,Deluxe 4-Bedroom CBD Apartment with Pool & Parking,11
name,Koromiko Farm Stay @ Loch Sloy Farm Little River,11
name,Luxury Cass Bay Retreat (A),11
name,Sumner Views,11
name,"Sea-views in Redcliffs.
Style, comfort & birdsong!",11
name,Kereru Haven: Pigeon Bay home with a view,11
name,Metro Escape Studio across South City Mall,11
name,NewBrightonRetreat-Private Apartment in Sunny Home,11
name,"Imagine - Morning ski, Dusk surf",11
name,Fresh Look Unit One on Carlton Corner,11
name,"Panorama: Surf, Sun & Mountains",11
name,Christchurch Home away from home,11
name,"Hilltop room with ensuite, close to city",11
name,Cozy Studio Retreat in Ferry Road,11
name,"Spacious bedroom, en suit and patio",11
name,"Inner City House, Sunny Backyard - Great Location!",11
name,Westmorland Hilltop Retreat,11
name,One Bedroom Spa Bath Apartment,11
name,3-Bedrooms Home near CBD,11
name,Spacious Luxury 3 Bedroom Family Retreat,11
name,French Bay House - Onuku King Suite,11
name,Seaglass Beach House,11
name,Addington luxury townhouse,11
name,Large townhouse. Lots of free parking!,11
name,Latimer Square Luxe: 1BR w/ Sofa Bed,11
name,Cabin cutie,11
name,Maunga,11
name,Amross Court centrally located,11
name,Islay Cottage Grade 2 Heritage Property,11
name,Greek Island Inspired 2 Bed room 1 Bath Townhouse,11
name,Stylish Seaview Villa perched above Akaroa,11
name,Cozy Rattan Escape | Winter Warmth in Central CHC,11
name,Harbour Haven Retreat,11
name,Queen Studio Unit,11
name,Port Goodness,11
name,Comfortable 2 bedroom house,11
name,Large Self-Contained Room with ensuite Mt Pleasant,11
name,Large self-contained studio,11
name,Stay at Puhara - Parklands Escape,11
name,The Dream Townhouse,11
name,Sunlit Home with Outdoor Living + Spa,11
name,A Taste of Kiwi close to Event Centres,11
name,Embrace the Sumner beach!,11
name,Trendy And Lux Studio In CBD By South City Mall!,11
name,Central Stay Addington,11
name,Sunny beach escape Sumner,11
name,Spacious Family Home in Central Christchurch,11
name,Riverside Escape near Hagley Park and Hospital,11
name,Secure City Center Apartment close to attractions,11
name,Large single room - Upstairs,11
name,Private 2BR House w Garage Great Central Location,11
name,Central City Stay – Walk Everywhere + Free Carpark,11
name,"Superb Modern Warm - 2 bedroom- Smart 49""TV",11
name,Sleek modern city apartment,11
name,Superior Queen Ensuite with Balcony,11
name,Luxury Without Limits,11
name,Hidden Treasure in Hornby 2 Beds,11
name,City chic,11
name,Peaceful Retreat within City Limits,11
name,Modern Central City Sunny Apartment,11
name,Spacious family home.,11
name,Central City Apartments,11
name,"Modern 2-Bedroom Oasis, Just Steps from the Beach",11
name,Vegan Vegetarian Inquiries only Please,11
name,Holiday in Paradise,11
name,Cosy Studio in Allen Street,11
name,The Best of Both Worlds,11
name,Garden Studio with ocean views,11
name,Contemporary 2BR Apartment on St Asaph Street,11
name,A Small Sunny Cottage,11
name,2 Bedroom Central Christchurch Hub,11
name,Jolly Close To CBD - Brand New 2 Bedroom Retreat,11
name,Top Floor Apartment in City Central Sunny Balcony,11
name,Sunny room on the hill.,11
name,Riccarton the best Location in Christchurch,11
name,Exclusive Studio Retreat close to South City Mall,11
name,4 Bedrooms in the Heart of Christchurch CBD,11
name,"Private Entry 
 Sunny Deck & Ensuite
Room 3",11
name,Ensuite for long term,11
name,French style holiday cottage,11
name,Beautiful Entire Home Overlooking Harbour,11
name,"Best Location in CBD, Carpark-Free Designated Park",11
name,Akaroa Coastal Cabin,11
name,Redcliffs on Park by Sea,11
name,Close to new Stadium. Great for families,11
name,Home Sweet Home NZ,11
name,Cityscape apartment with carpark,11
name,Cozy studio in Little River,11
name,Welcome to a private room in a shared cosy home.,11
name,Very Central 2BR - Balcony & Full Kitchen,11
name,Bayview Retreat - Your Tranquil Haven,11
name,Heritage Magic in Merivale,11
name,Entire  four bedroom family home in Papanui,11
name,Stunning House with Spa & Incredible Views,11
name,Deluxe Family Room,11
name,Recently Renovated Two Bedroom Unit near the Park,11
name,Merivale/city modern & private 15 mins walk to CBD,11
name,"Bright, cosy Central Location",11
name,Harmony 5 bedroom City Centre Apartments,11
name,Classic Quad Room,11
name,Haka House - Entire 4 Bed Dorm,11
name,Cozy Studio with Private Yard in Christchurch CBD,11
name,"Big View from a Tiny House, Cashmere",11
name,Fully Suites Riccarton Hideaway,11
name,Room,11
name,Tranquil 2 Bedroom Oasis sleeps 6,11
name,Brand New 2 Bedroom | Free off Street Parking,11
name,Modern & Quiet | Central Christchurch Stay,11
name,Discover Port Hills with this Beauty + Breakfast!,11
name,Conveniently located in Merivale,11
name,Lincoln Road Two Bedroom Townhouse - Luxury!,11
name,Light & Spacious 2Bdrm Townhouse Off Street Park,11
name,Cottage on Somerset,11
name,"Stand alone, ensuite - The Pool House",11
name,"NEW,stylish, contemporary New Zealand architecture",11
name,Classy Modern Unit 6 mins from Airport & shops/bus,11
name,SUBURBAN OASIS,11
name,Cozy Townhouse in Christchurch,11
name,Quite and Cozy Single Bedroom,11
name,Cosy bedroom in Riccarton Mall!,11
name,Uniquely located apartment with Kitchen,11
name,"Five Star luxury for two, in Christchurch Central",11
name,Rapaki  Rendezvous by the Sea on Lyttelton Harbour,11
name,Incredible luxury 3 floors,11
name,"Private, peaceful studio with bonus car park!",11
name,Cosy Corner- Riccarton,11
name,Four bed domitory,11
name,Superb Location - 2bd + 2bth - Carpark Included,11
name,#4 The Wharf Seaview  Apartments by AVI,11
name,Designer's Pad In Central City,11
name,"Tuam St Stay - 1BR with Balcony, Bath",11
name,"Bryndwr beauty with free breakfast, Wifi & Netflix",11
name,Hagley Haven,11
name,City Central Comfort,11
name,Share the Inner City,11
name,Delightful Sleep-out in Bryndwr,11
name,#1 The Wharf Seaview Apartments by AVI,11
name,"Single Level Studio, CBD Escape: King bed",11
name,Amross Court 2-Bedroom Unit,11
name,Haka House - Entire 6 Bed Dorm,11
name,Haka House - Twin Room Ensuite,11
name,#3 - The Wharf Seaview Apartments by AVI,11
name,"Big Sky Retreat, house and yurts",11
name,"Merivale -  Location, Location",11
name,Little Port Cooper School House and Farm Hike,11
name,Deluxe Central Retreat with Super King Bed,11
name,Tuam Street Enclave - 1 Bedroom APT,11
name,Step Into Comfort: Studio on Bath street,11
name,Manor Cottage and Kowhai Room,11
name,"Serene Studio(No Window), No Cleaning Fee",11
name,"Art, Espresso & Events – Live Like a Local in Chch",11
name,Ensuite Studio in Prime Location,11
name,Triple room.  Near city center.,11
name,Newly Renovated Studio Unit #2,11
name,Mount Pleasant Ocean Views 3 bedroom with bathtub,11
name,Posh on Peterborough,11
name,Beautiful home Near CBD Pet Friendly with Carpark,11
name,4 Bedroom Home near Christchurch Airport,11
name,Spacious Stay near Avon River w/ Carpark,11
name,"Sumner Beach Escape, 1 min walk",11
name,Warm Central City Apartment w/ 2 Free Carparks,11
name,Haka House - Entire 3 Bed Dorm,11
name,Single Cozy New Room – Halswell,11
name,Modern Stay Near Airport,11
name,Orari - Room 3,11
name,Beachfront Haven,11
name,Executive Home with Stunning Harbour views,11
name,Peaceful & Quiet with dedicated wk area & Netflix,11
name,"Ocean Is Just Around The Corner, Sky+Sport,Netflix",11
name,CBD Contemporary Comfort Townhouse 2BR 2.5Bath,11
name,Black Diamond,11
name,Apartment on Short,11
name,Heart of Christchurch City Studio*New Bathroom,11
name,"Dog friendly, self contained Clifton living",11
name,Modern Madras Apartment,11
name,Private oasis with stunning views to native bush,11
name,Thomas Townhouse,11
name,Little house with big views!,11
name,One-Bed-Room Studio Close City Central,11
name,"Nestled in Nature, Near City",11
name,Modern 2 Bed City-Fringe | Carpark & Courtyard,11
name,Orari - Room  4,11
name,Luxury Private Apartment Strowan,11
name,Bedroom in Cheerful 3-bedroom home (1 x Queen Bed),11
name,Christchurch Parkside Apartment - with EV Charger,11
name,Easy Christchurch Central Townhouse,11
name,Come stay with locals!,11
name,Peaceful garden cottage,11
name,City Central Hideout | Modern Comfort in CBD,11
name,Hagley Hideaway:Park Cozy Escape,11
name,Fun relaxing home away from home,11
name,Streamview Studio Apartments (Ground Floor),11
name,"Single accommodation, en suite and breakfast.",11
name,Private Queen Room Near City Centre,11
name,Redecorated Three Bedroom Home,11
name,An idyllic 2 bedroom A-frame,11
name,Room in Cheerful 3 bedroom house (2 x King Single),11
name,Large Queen Room - Downstairs,11
name,Central Wellness Retreat. Gym/sauna + DBL Garage,11
name,Brand New 2 Bed Near CBD With Parking,11
name,Okereru - Relax & Recharge,11
name,City Life on Your Doorstep with cosy double bed,11
name,Haven in Huntsbury: The genuine Bed and Breakfast,11
name,Modern Beach Getaway,11
name,Luxury New Stadium Residence In CBD With King Beds,11
name,Prime Family 4 Bedroom Retreat Near Stadium & Cafe,11
name,Tranquil Family Retreat in Akaroa,11
name,Oceanside Studio in New Brighton,11
name,New!  Kingfisher Apartment a treat you deserve,11
name,The Coolest Townhouse in Christchurch,11
name,Orari - Room 06,11
name,Character Central,11
name,Peterborough Street Tack Room,11
name,Bernie's Guesthouse,11
name,Merivale Court Large Studio-Unit 3,11
name,Lovely townhouse in Avonhead,11
name,ALPHA Eco Spa Studio,11
name,"2 Bedroom, 2 Bathroom + Carpark. Central City",11
name,Location Comfort Location!,11
name,Majestic CourtMotel/No Cleaning Fee,11
name,Single Level Studio Escape on Wilmer St - Central,11
name,Luxury Penthouse in City Private central live,11
name,Big House with nearby parks,11
name,"Garden,quiet,queen bed ,b'fast,nr Uni/city/airport",11
name,"Close to airport,quite, safe and friendly street.",11
name,Orari - Room 07,11
name,Cosy Townhouse in the heart of Christchurch,11
name,Freshly Renovated House in Fendalton,11
name,Executive hideaway,11
name,Comfortable Sunny unit,11
name,Stylish Brand New Sunny 3Bdrm 3Bth garage sleeps 6,11
name,SiloStay - one of it's kind in the world,11
name,City Fringe Townhouse,11
name,Alpha Eco Trip One-Bedroom House,11
name,Rapaki Studio,11
name,Haka House - King Room Ensuite,11
name,Peaceful Elegant Designated Park King Bed.,11
name,"No Cleaning Fee, Large Twin Queen Beds Room",11
name,Luxurious 3 bed home with pool,11
name,Light and Bright on Lyttelton Street,11
name,North Western Sanctuary,11
name,Belle Rose Cottage,11
name,Twin Room Ensuite Accessible,11
name,"Victoria Street Precinct
2 Bedroom Townhouse",11
name,Best location in CBD Free parking,11
name,Cosy Tiny in Cass Bay,11
name,Affordable Comfort 2BR with Carpark,11
name,Home in Fendalton,11
name,Streamview Studio Apartments (First Floor),11
name,Self Contained Unit 25,11
name,Te Kaha Canvas · Central 3BR/3BA Townhouse+Parking,11
name,Studio - own bathroom (not ensuite),11
name,Home sweet home CBD Christchurch 2 bed 2 bath,11
name,"No Cleaning Fee, Standard Studio",11
name,Ensuite Cabin (Sleeps 4),11
name,2 Bedroom House,11
name,Deluxe Studio,11
name,Indulge in Christchurch Hagley Park 2 bed 2 bath,11
name,Lovely townhouse with city convenience,11
name,Lovely room in character home,11
name,Beautiful Views & Heated Pool,11
name,Deluxe Entire Townhouse on Hereford with King bed,11
name,Cashmere apartment with amazing views.,11
name,Wow! The view is stunning.,11
name,Christchurch Private  Studio Room on Port Hills,11
name,Modern Comforts in a Brand New Apartment,11
name,Beach House Taylor’s Mistake,11
name,Studio with a View,11
name,"Huntsbury Hideaway, Cottage with amazing views",11
name,Family Room@Samhil Motor Lodge,11
name,Executive spa unit,11
name,One Bedroom Family Unit,11
name,Merivale Court Large Studio-Unit 2,11
name,Peaceful Private Oasis 2bdrm 2bthrm Free Parking,11
name,Elevated home with hill views,11
name,Bright and New Studio Unit Walk to Town,11
name,Private room with ensuite and living area,11
name,Delightful CBD 2 Bed 2 Baths - Stylish Getaway,11
name,"Sunny bedroom in warm, quiet home",11
name,Explore from 8 Wilmer: Upper Level Cozy Studio,11
name,Holiday Home Close By Christchurch Airport,11
name,"Homely, Clean & Cheap for Two",11
name,2 Bedroom Unit,11
name,Luxury 2 Bed 2 Bath Townhouse Central Christchurch,11
name,Gem one bedroom townhouse in CBD,11
name,Studio 294.  Inner City Oasis,11
name,Stylish 1BR Retreat on Ferry Road,11
name,Spacious City Retreat Perfect for Getaways,11
name,Relaxing City Hideaway - 2 Bed in Christchurch CBD,11
name,CBD Luxury Parkside Living 2 Bedroom With Parking,11
name,Monck's Bay Retreat,11
name,Quaint Worcester Quarters: 3BR Delight,11
name,Young Heart of the Harbour (& breakfast),11
name,"Trendy Ground Floor Studio  - Central, Cafes",11
name,Luxury 2 Bedroom Hideout Near CBD/Merivale Mall,11
name,"Peaceful in Redwood, Christchurch",11
name,"Near from airport, quiet and cozy!",11
name,Gem of a Kiwi Bach!,11
name,Perfectly Located en-suite bedroom,11
name,Luxury Cottage @ Cranford Cottages and Motel,11
name,Ensuite Double,11
name,Central Merivale Town House,11
name,Gorgeous Riverfront House in  CHCH,11
name,Luxury Living: Christchurch City Gem,11
name,Chill in a Quiet House & Yard,11
name,Snowberry Cottage @ Loch Sloy Farm Little River,11
name,Private Room with Ensuite.,11
name,Private quiet location & quaint accommodation,11
name,Your Home in Christchurch,11
name,Cozy Self-Contained Studio with Beachside Charm,11
name,Cozy Tidy  Close to town and Amenities  .,11
name,Affordable Apartment Hagley Park Super Fast Wifi,11
name,Character House By The Sea,11
name,5mins walk to Riccarton House and Bush RM01,11
name,2 Bedrooms Overlooking Park - Exquisite Views,11
name,Fun funky beach house,11
name,Chic City Pad – Studio on Wilmer Street,11
name,Rooms with a view in Christchurch,11
name,Hillside Rural Haven,11
name,Gateway to the South Island,11
name,Christchurch Parkside View - EV Charger & Garage,11
name,"Large Superior Studio, City Center NO CLEANING FEE",11
name,Superior Twin Ensuite in City Centre,11
name,Serviced Guest suite in City Centre,11
name,Riverside Villa at the edge Banks Peninsular,11
name,Karearea Cottage - Rural Retreat Purau,11
name,"Beachside Townhouse,  2 Bedrooms 2-3 beds, 2 bath",11
name,"Central City. Entire House2 Bedroom, Free Carpark",11
name,Sunny Queen size bedroom,11
name,Standard Studio - Kauri Motel,11
name,Berry Delight - Christchurch Holiday Home,11
name,Start your Family Holiday here,11
name,Park & Central City Spa-pool Escape,11
name,"Suite As, Hotel Carlton Mill",11
name,Modern Hillside Stay,11
name,Freshly Renovated Downstairs Studio Unit #6,11
name,Orari - Room 5,11
name,Lovely in Linwood: 2BR Beauty with free Carpark,11
name,Backpacker Twin,11
name,Fully Renovated Hillside Apartment Close To City,11
name,"Airport, motorway, shopping, peaceful.",11
name,Funky Central City Apartment,11
name,Cozy & Comfortable Home in Riccarton,11
name,Dickens St - modern and cosy handy to city,11
name,Central City Retreat. Stylish 3BR + Parking,11
name,Zenith Escapes Your Quintessential 4BR Haven,11
name,Luxury 2-Bed Townhouse Opposite Northlands Mall,11
name,One Bedroom Stunner in Allen Street,11
name,Central Luxurious House           Free Breakfast,11
name,Charming character home in quiet leafy Somerfield,11
name,Your Home Away From Home on Barrington Street,11
name,6min to city centre | Cosy & Quiet Vintage Retreat,11
name,Karl Popper Retreat,11
name,"Modern, Convenient, Central:  1 bedroom loft",11
name,6 Guests Family Home 7 Minutes to Airport,11
name,Great Views on Cashmere hills.,11
name,"Modern City Retreat – 3BR, 2BA",11
name,"Quirky, Original and Unique - 1980s Dome House",11
name,Sunhaven,11
name,Alpha Motel Elite Spa Studio,11
name,Merivale Court Family Suit(2bedr)-Unit 1,11
name,The Cottage at Greystones,11
name,Sea View,11
name,Birdsong retreat,11
name,Appt 2 on Armagh 2Bdrm 2 Bthrm Free  Park,11
name,"Top Floor Oasis | Pool, Gym + Parking",11
name,LyLo Family Pod Room,11
name,Yani Home,11
name,Large Medium Room - Downstairs,11
name,Cottage,11
name,Sunny cossy 5 min from airport,11
name,Warm and Stylish 2BR Home,11
name,Beautiful self contained unit in Governors Bay.,11
name,Two Units - 4 Bedrooms - 4 Bathrooms,11
name,Sea Side Paradise - Beach Across,11
name,Sweet home near airport,11
name,Relaxed and private,11
name,Centrally Located Apartment in Christchurch,11
name,Sunlit Sanctuary with Private Patio in Wigram,11
name,"Modern Home: 2 Ensuites, 17 Min to City & CHC Air",11
name,Blenheim Road Motorlodge,11
name,St Albans Townhouse near City Centre,11
name,Safe bushy area clean budget 日本人歓迎,11
name,Heart of the City Stay - With the Best Coffee!,11
name,Hawthornden Studio - Rural Retreat In ChCh City,11
name,"Whistle Stop - Whimsical luxury,  EV friendly",11
name,City Center Entire Townhouse Netflix & 1000M Fibre,11
name,Trendy on Taramea,11
name,Modern CBD 3-BRM Townhouse|3 Ensuites|Free Carpark,11
name,One Central  Bedford Terraces in City Christchurch,11
name,Charming City Cottage,11
name,Backpacker Deluxe with living space,11
name,Classic Cabin Quad,11
name,Cityscape Green Haven,11
name,The Feijoa Tree,11
name,Relaxed 3BR Hideaway • Outdoor Living & Pets,11
name,The gold room,11
name,Checketts Bungalow in Halswell,11
name,Prime Location Handy CBD& Restaurants,11
name,Haka House-Entire 8 Bed Dorm Ens,11
name,Two Bedroom Loft in City Centre,11
name,"Double room in Mt Pleasant, Christchurch",11
name,Access Apartment wheel chair friendly,11
name,Family Loft Suite in City Centre,11
name,Stylish 3BR City Apartment on St Asaph Street,11
name,灵动双床房，适配每一种出行需求,11
name,都市庄园--杜鹃园,11
name,Sanctuary At The Bay - Diamond Harbour Retreat,11
name,Classy Parkside Entire Townhouse,11
name,Central Christchurch villa 3 bedrooms 2 bathrooms,11
name,Studio Queen Room at Samhil Motor Lodge,11
name,Spacious and Comfy Townhouse,11
name,"Golden Sun Apartment -Two bedrooms, Three bedrooms",11
name,Central City Sanctuary  NO FEES,11
name,"Modern One-bedroom Apartment close to Uni, Airport",11
name,Roker Street Retreat,11
name,A modern house in Christchurch,11
name,Relax Unwind Super Fast Internet,11
name,A hidden gem near airport,11
name,BASIC UNIT WITH Netflix- Next to Wigram Reserve,11
name,Apartment near Hagley Park with Secure Entry,11
name,Cashmere Cool,11
name,Self contained flat in the heart of Christchurch,11
name,Bambina Luxe New Townhouse with upgraded supplies,11
name,Convenient Westfield House 3bedroom 2bath,11
name,6 min to Airport Burnside Full house with big yard,11
name,Walnut Grove Lodge,11
name,LyLo Twin Ensuite Accessible,11
name,Riverside Retreat,11
name,Merivale Court Studio-Unit 6,11
name,Inner-city Top Floor Apartment - Spectacular Views,11
name,Twin Studio Unit,11
name,Stylish 3-Level Townhouse | 2BR+2BA | Walk to CBD,11
name,The Family Quad,11
name,NEW Home Away from Home on Salisbury,11
name,#67 La Voyageur Waterfront Apts by AVI,11
name,Single room in Character Villa,11
name,Lavandula 4 Bedroom,11
name,Backpacker,11
name,Gem in Papanui Christchurch,11
name,Family Ensuite in City Centre,11
name,Terrace View - Sun & Freedom in Your Bedroom,11
name,温馨小屋,11
name,"Resort Style, 30°C indoor pool, whole house",11
name,New Townhouse in private complex with EV charger,11
name,Cozy bedroom piece and quite,11
name,"Modern, self-contained unit in a restful setting.",11
name,Modern 2-Bed Townhouse Close to City Attractions,11
name,Brand New Luxury 2 Bed 2 Baths Family Getaway,11
name,4 Bedroom 1960s Simple Town House,11
name,Avonview Cottage,11
name,Cosy Comfort in Christchurch,11
name,House for Large Group or Teams,11
name,Penthouse apartment in the heart of the city,11
name,Merivale Court Family Suit(2bedr)-Unit 5,11
name,Beachside cabin,11
name,#55 The Captains Cottage Waterview Apt by AVI,11
name,"Urban Comfort 3BR with Garage, Guest Favourite",11
name,Fendalton Comfort Stylish and Convenient w Carpark,11
name,"Self contained Tiny House, an urban retreat",11
name,"CBD Luxury Homes: Near Cafes, Hagley Park, River",11
name,Merivale comfy 2 beds with free parking,11
name,Calm Swan Villa,11
name,Modern Two-Bedroom Home in Merivale,11
name,Esplanade - Beachfront - Sumner Getaway,11
name,Elegant 4-Bedroom Townhouses in Vibrant CBD,11
name,Garden Studio With Ensuite (Breakfast included),11
name,Urban Oasis Central Christchurch - parking,11
name,Nice tidy house.,11
name,Bealey Delight,11
name,Bright Cityside 4BR Sunlit Balcony at Tuam St,11
name,Summer holiday in Christchurch?,11
name,Cannon Hill E-scape,11
name,Inner-city apartment - great location,11
name,Stylish City Home with Parking Prime Location,11
name,New and Close to City Centre with Carpark,11
name,City-Fringe Oasis with Carpark in Christchurch,11
name,Modern 3BR Townhouse Central City Walk to Stadium,11
name,Beachside Paradise,11
name,"*NEW in Central CBD*
  2 bed/2 bath
*Free Parking*",11
name,Pacific Horizon • Luxury Sky Suite • 19th Floor,11
name,"Getaway on Manchester Street - Carpark, Central",11
name,Otaranui Farm Flat,11
name,What A Cutie CBD 3 Mins to Handy Secure Park.,11
name,Sun Filled Living Hagley Park Hospital 2BR 2BA,11
name,Lyttelton Sweet Spot,11
name,Restful in Riccarton - Christchurch,11
name,2BR City Townhouse walk to the Convention Centre,11
name,Quality Apartment; Million Dollar View  Courtyard.,11
name,Spa Bath Studio,11
name,Retro Retreat in Christchurch,11
name,Premium Location 2beds2bath on Madras,11
name,Quiet and secluded in Sumner,11
name,Awesome new townhouse with KING Bed on Armagh,11
name,Corporate-Chic CBD stay,11
name,Lovely guess cottage close to Airport,11
name,Cosy Tiny Home – Peaceful Paddock Stay,11
name,"Family Home with Spa, Office, BBQ, & EV Charging",11
name,Luxe Eco friendly one bedroom cottage,11
name,Magic on Maffeys,11
name,City Apartment Latimer Sq-For Holiday or Business!,11
name,Beach Front Apartment,11
name,Sumner Beach Pad,11
name,RELAX IN THE POOL - STAYING IN CBD BY CATHEDRAL,11
name,Stylish Stay – Heart of the CBD,11
name,no.8 Private Single Room in Detached Sleepout,11
name,"The Ultimate Cecil Wood Stay - Hot Tub, BBQ & View",11
name,"Protea Getaway,
City Center new luxury Apartment",11
name,Christchurch CBD townhouse,11
name,Stylish private townhouse. Free parking for 2 cars,11
name,One bedroom townhouse on Salisbury 1000m/s fibre,11
name,Garden apartment with panoramic coastal views.,11
name,Deluxe Private Studio close to Airport,11
name,Home in Central City,11
name,CBD Loft Style Apartment with Free Valet Parking,11
name,Peaceful and sunny studio,11
name,Luxurious 3-Bedroom Designer Townhouse With Garage,11
name,The Game Day Lounge | Walk to One NZ Stadium,11
name,"Modern apartment, superb views",11
name,Modern Stylish City Apartment,11
name,Inner-city stay - top location,11
name,The Sleepout,11
name,Gorgeous Getaway on Gloucester St- 1 Bed 1 Bath,11
name,Outstanding Townhouse on Salisbury 1000M/S Fibre,11
name,Vibrant Central Christchurch 2 bed,11
name,Merivale Separate Studio,11
name,"Luxurious House, Sunny & Inviting, 3 king beds",11
name,1 Bedroom Apartment Pool Car Park Cathedral Square,11
name,Travellers' dream close2 airport,11
name,Little Gem in a private place,11
name,"Close to University, 10 mins from Airport and City",11
name,Cozy Private Room in Spacious Home – Near City,11
name,At the head of Akaroa Harbour,11
name,Central Chch Greek Island Vibe: 2bed townhouse,11
name,Quiet Room in Christchurch,11
name,super king size bed give you comfortable enjoyment,11
name,Spacious centrally located - 7 Night special deals,11
name,"Classical, with space, new (CNZhouse)",11
name,"A cosy, rustic family holiday home  in the city",11
name,One Bedroom up for grabs,11
name,Deluxe Standard Cabin,11
name,"Queen + KS Private Entry, Deck
& Ensuite 
 Room 1",11
name,One central apartments city centre,11
name,Budget Single Room close to Airport,11
name,Cozy City Studio – Bath Street Escape,11
name,Central City Convenience At The Salt District,11
name,Cozy Studio with Backyard in Wilmer Street,11
name,Large Sunny Room Upstairs (En-suite),11
name,Central city luxury apartment 2 min to  Te Kaha,11
name,City-Fringe Gem • Chic Studio in Prime Location,11
name,Renovated City Retreat - with secure carpark,11
name,"Stylish close to city, 2 bedroom house, 1 carpark",11
name,Orari - Room 1,11
name,Luxury Three Bedroom City Getaway,11
name,Unique Stadium View in St Asaph 2 bed 2 bath,11
name,"Tuam Street delight, 4 bed 4 bath with Carpark",11
name,Modern 2BR House on Madras Street,11
name,"Family friendly, harbour views",11
name,Touch of Class 2Bdrm free Park CBD,11
name,Chic 2-Bedroom Apartment on Avon River,11
name,Forfar Casa,11
name,Sunny and private townhouse close to city centre,11
name,Relax and Unwind Central City Hideaway w Carpark,11
name,Riverside Retreat in Merivale,11
name,Worcester Terraces - One Central Christchurch,11
name,Ultimate Christchurch Escape: 4-Bed 4-Bath Carpark,11
name,"LOCATION, LOCATION! SUNNY TOWNHOUSE IN MERIVALE",11
name,Cashel Street Hideaway 2 bed 2 bath,11
name,Christchurch Charmer 1 bed CBD,11
name,Fabulous townhouse  in Christchurch centre,11
name,Akaroa Sunshine Views and Spa Pool !!,11
name,Little Cutie on Worcester Quiet|Stylish,11
name,Studio Quad Room at Samhil Motor Lodge,11
name,Once in a Blue Room,11
name,Family friendly - 10 min drive to Chch city centre,11
name,Inner City Delight - Walk To Cathedral Square,11
name,Stylish Coastal Living,11
name,Cozy Nest On Manchester,11
name,Central City Studio with Sunny Balcony,11
name,LOCATION .. central to everything! Sunny + modern!,11
name,Riccarton 2 Bed 1 Bath w/Garage,11
name,Inner City Studio Retreat,11
name,Central 3BR Stay on St Asaph Street,11
name,2 Bedrooms apprtmt.+Underground Parking in CBD,11
name,Whow! Unique Quirky Spacious Free Off Street Park,11
name,Charming Studio with desk space near South City,11
name,Studio with City Views – Bath Street,11
name,Stadium Suite on Southwark - Luxury in City Centre,11
name,"Beautiful Bush Setting, 5 mins from Airport.",11
name,Spacious 4-Bedroom Family Home!,11
name,Sunny Studio Sanctuary – Bath Street Stay,11
name,Stylish Central City townhouse Next to Little High,11
name,Spacious Allen Street 1BR Stay,11
name,Accessible City Stay - Opposite Stadium,11
name,Incredible luxury 3 floors Townhouse High Ceiling,11
name,Luxury Style Free Street Parking CBD Location,11
name,Beating Heart of Christchurch,11
name,Modern Indoor/Outdoor Living in Burwood,11
name,Modern and Contemporary 3BR Home,11
name,Stunning sea views in Akaroa township,11
name,A fabulous place on riccarton,11
name,Luxe and Location,11
name,Family friendly Eco Stay,11
name,Hidden Halswell Gem,11
name,Superior King Ensuite in City Centre,11
name,New Central Retreat: Includes Luxury King Beds,11
name,Deluxe Twin Room,11
name,Cabin in the Trees,11
name,Stadium Edge Retreat  Modern 2 Bed with Carpark,11
name,The Potter’s Cottage Annex,11
name,Relaxing and Friendly in Fendalton,11
name,Spacious 3-Bedroom Townhouse – Steps from the CBD,11
name,Whole sunny house on Huntsbury!,11
name,Premium City 3bed Apartment with Gated 2 car parks,11
name,New one bed Apartment with Park,11
name,Merivale Court One Bedroom Apartment-Unit 7,11
name,"City lights, Mountain heights",11
name,Stunning Summer Holiday Rental,11
name,Seaside sanctuary with spa,11
name,Guest Suite in Strowan,11
name,Bright and Inviting Studio Near South City Mall,11
name,Cute City Fringe Villa,11
name,"Tranquil 3 Bed Minutes To CBD And Arena, Sleeps 7",11
name,Better than the rest - Central City Luxury,11
name,Handy CBD Covered Free Parking Gym 2 Bdrm,11
name,Carnmore Hotel Christchurch,11
name,Double bedroom in Character Villa,11
name,Sumner Sunsetter,11
name,Stunning cottage close 2 airport,11
name,Bond Estate Luxury Accommodation Christchurch,11
name,The Little House,11
name,Max Penthouse 3 Bedroom with Spa,11
name,Tranquil and relaxing Lavender Studio,11
name,Luxury Cass Bay Retreat (B),11
name,Stylish studio close to the hills,11
name,Central Christchurch: Santorini Style 1BR Studio,11
name,Luxury caravan for hire,11
name,Black Bunker,11
name,Home in Ilam,11
name,City Centre Studio Apartment,11
name,The boat shed,11
name,Cashel Grandeur - Luxurious 4-Bedroom Home,11
name,Cosy 2 Bed Single Level Home Near Westfield/CBD,11
name,Mariners Cabin: Your seaside escape,11
name,Bright & Modern Studio on Bath Street,11
name,Beautiful Kereru Cottage..... everything on offer,11
name,Eco Spa-bath Studio,11
name,Entire Floor Apartment With Avon River Views,11
name,Surf Break Apartment 1,11
name,Comfortable 1BR Living on Ferry Road,11
name,Central place to airport & city,11
name,Modern 2BR Apartment in Central Wilmer Street,11
name,Surf Shack,11
name,The Outlook by Tiny Away,11
name,The East Penthouse,11
name,Upscale Townhouse with Parking in Prime Location,11
name,Self-contained studio.,11
name,5. Single room - Downstairs,11
name,Cabino,11
name,Modern Beach Unit,11
name,Modern Townhouse Cashel Street 2 bed 2 bath,11
name,Modern Christchurch Apartment,11
name,Tourist Cabin,11
name,Good as New Studio #7,11
name,Cosy room in warm home,11
name,"Quiet Cul-de-Sac, Airport 3km, Transfers Avail.",11
name,Modern Self-Contained Unit with Panoramic Views,11
name,Studio Twin Room at Samhil Motor Lodge,11
name,Finca Flora Cottage,11
name,Gloucester Street Gem- 1 Bed 1 Bath,10
name,Affordable CBD Studio For 4!  - Free Parking,10
name,Ridgeway Escape,10
name,Penthouse Perfection: 2BR Elegance on Worcester St,10
name,Beckenham studio on tree lined street,10
name,Urban Retreat: Modern Studio in Central City,10
name,Home Away - earlier check in and FREE Netflix,10
name,Relax with amazing ocean views,10
name,Perfect City Retreat 1 bdrm Prime Location,10
name,"Modern Home in Beautiful Bay,",10
name,Boutique BNB free breakfast near stadium sleeps 6,10
name,Charming Character Close to City,10
name,Beach Guest House with pool & private beach access,10
name,Madhouse Comfort - 2-BR Haven on Tuam Street,10
name,"""Different, better; place to be to make the scene",10
name,Townhouse in central Christchurch,10
name,Peterborough Hideaway,10
name,"2 Bedroom House, Amazing Location + 2 Carparks",10
name,Conveniently Located CBD 1BR,10
name,Zen Retreat. Stylish 2BR Townhouse + Free Parking,10
name,AMAZING HISTORIC CBD APT - CATHEDRAL & TRAM VIEWS,10
name,Close and walkable on Salisbury Street-City Centre,10
name,"Spacious 3BR House, – Central, Off St Parking,",10
name,Peaceful 2 bedroom house located in Christchurch,10
name,City Escape | Free Parking + Flexible Beds,10
name,The Colour Burst,10
name,roXztr Retreat,10
name,A room in an elegant private bed and breakfast,10
name,Designer 2BR Flat - Outdoor Sitting & Cozy Ambianc,10
name,Steps to One NZ Stadium • Sleeps 5 • CBD Stay,10
name,"City Retreat on Armagh
#5– Quiet, Bright, Perfect",10
name,"Elevated Ocean View Oasis - 3-BR, 2-Bath, Parking",10
name,Share bed in long term stay backpackers hostel,10
name,Near city centre!,10
name,En-suite Queen Bed - Close to City,10
name,Frederick Street Town house,10
name,Madras Haven - explore the Garden City,10
name,Beachfront Tranquility in Tikao Bay,10
name,The Red Bus,10
name,Airport Apartment,10
name,Potters Croft Garden and B&B,10
name,Private Rm+Bathrm in Christchurch City + Breakfast,10
name,Small Sustainable House,10
name,Bright 2BR w Yard Washer Full Kitchen,10
name,"Cosy , comfy, and convenient!",10
name,Peaceful Spacious Retreat – 12 mins to Airport/CBD,10
name,Central City Comfort and Style off street parking,10
name,Entertainment Hub 2 bed 2 bath with Free Car park,10
name,Addington Stadium Stay,10
name,"New, private room with en-suite in CBD",10
name,“Te Ihutai View” Coastal Panorama & Sanctuary,10
name,"2BR Stay in the City, Gloucester",10
name,The Perfect City Nook.,10
name,Lovely Small room for small price in new house,10
name,Cozy room near Sumner,10
name,Family saving room. Near city center.,10
name,Quiet Comfort Near It All,10
name,Garden View 2-Bedroom Getaway in Christchurch,10
name,City Lights Retreat with Carpark 2 Bed 2 Bath,10
name,Private central city standalone home with parking,10
name,Rue Noyer Lookout - Akaroa Holiday Home,10
name,Central City Brand New 3 bed room,10
name,Private room with a garden view,10
name,Latimer View Apartment,10
name,"Sky Window Studio, City Center NO CLEANING FEE !!",10
name,Sweet Dream Room for a couple close to CBD,10
name,Calm & Cozy Townhouse With Garage + Sky Sport!,10
name,Beach House - South Brighton 2 bedroom unit,10
name,"Bright City Base - 1Bed, Kitchen, Outdoor Space",10
name,"Funky 2 bedroom pad, close to the City Centre",10
name,"Stylish Unit near CBD, Te Pae,Town Hall,Hagly Park",10
name,Relax in Comfort - The Stables- Heart of Lyttelton,10
name,Parkside Oasis - Merivale,10
name,"A Great Location 4 bedrooms , quiet and comfort !",10
name,Studio Unit  with Spa Bath!,10
name,Super king,10
name,The Potter’s Guesthouse,10
name,Private Room Only with Ensuite,10
name,#Just4Goleman,10
name,"Convenient City Pad - 2-BR, Laundry, Sleeps 5",10
name,Cosmic Space close to the City Centre,10
name,Clearwater Golf Resort - Luxury Home,10
name,"Modern 6BD Joined Homes, Carpark, Avon River",10
name,Merivale Village Apartment,10
name,"Calm city base, breakfast inc,  Easy walk, bus",10
name,Stylish Central Cottage - Modern Heating & Parking,10
name,Studio B Sumner - Christchurch,10
name,Modern 1BR Retreat with Laundry - Manchester,10
name,Akaroa Oceanview Home,10
name,Surf & Ski in one Day!,10
name,The Kind Kiwi. A brand new home in Riccarton,10
name,Contemporary Living in the Central City,10
name,Big Bedroom with a Queens bed,10
name,Enchanting Garden House,10
name,Lavandula 3,10
name,Private Room – 5 Min to Airport,10
name,Central City Latimer,10
name,"Summer fun,  Sunny Cosy Sleeps 6 Free Parking",10
name,Orari - Room 9,10
name,Stylish 2 Bed 2 Bath Close to Shops and Parks,10
name,Central living,10
name,On the Park (room only),10
name,Beachside Hideaway in Sumner,10
name,The Eve Apartment - OGB Suite,10
name,Quiet Oasis by Hagley Park with Balcony View,10
name,Urban Loft Near Westfield Mall | Walk Everywhere,10
name,no. 7 Private Single Room in Detached Sleepout,10
name,CBD 2BR with Backyard - Walk Everywhere,10
name,Heart of CHCH: Stylish 1 bdrm 2 bed apartment,10
name,Stylish Top-Floor Apartment in Merivale,10
name,"Private, self contained, near the airport and city",10
name,Sunny Central Sumner Beach -Garage -Private Garden,10
name,Fendalton holiday house the most convenient place,10
name,Beautiful 4 bdrm home,10
name,"Room 2 with Double Bed
Breakfast Included.",10
name,Spacious Guest Unit in Central City,10
name,Chic 1-Bedroom Apartment with Balcony in Ferry Rd,10
name,Bed & Fly Sleep-out,10
name,'Hagley Hideaway' 5 min walk to Hagley Park South.,10
name,Architectural Urban Diamond,10
name,"Wai Marino Cottage - Marine Parade, sleeps 5",10
name,Cedarstone Villa - Private Guest House,10
name,Ocean Views at Rapanui Lodge- 4BR Gem with Parking,10
name,Stylish Spot in Addington – Heart of Christchurch,10
name,Two bdrm house. Double/twin room. Garage parking,10
name,Home from home City Apartment,10
name,Large home by Sumner beach,10
name,Spacious 3-Bedroom City Retreat with Garage,10
name,Home Away From Home On One Level & Internal Garage,10
name,Large en-suite self-contained quiet bedroom,10
name,Hampstead Cottage,10
name,Warm Family Comfort in the City w Garage Parking,10
name,Penthouse in the City,10
name,City convenient meets cozy comfort,10
name,affordable convienent location,10
name,Executive Central City Townhouse with Parking,10
name,Serenity by the Sea: Coastal Escape1 bed 1 bath,10
name,Toad Hall - Akaroa Holiday Home,10
name,Lovely Spacious Cottage,10
name,New Farm - Akaroa Holiday Home,10
name,Wharfside Apartment,10
name,Relax and Unwind at Our Duvauchelle Bach,10
name,Christchurch Bright Private Room Near Airport,10
name,Christchurch Work Friendly Room,10
name,Strowan House 1 - Stylish Comfort,10
name,Quiet spacious family home.,10
name,Central Akaroa 2 bedroom ground floor apartment,10
name,Stoked on Sumner Seaside Retreat,10
name,Guest suites outside the city center,10
name,Christchurch Entire Guest Suite| 2 Private Rooms,10
name,Apartment style Beach House. Birdlings Flat,10
name,Rocky Peak Farmstay,10
name,Banks Peninsula Escape-Birdlings Flat,10
name,"B&B, great value, garden, spa, nr uni/airport/city",10
name,"B & B,2-bed,value, garden spa, nr city/uni/airport",10
name,Esay living 3 Bedroom in Wigram,10
name,Home in Church Corner,10
name,Sunny 3 bedroom home with stunning harbour views,10
name,*City Fringe Convenience* St Albans,10
name,Luxury Merivale Villa,10
name,French Bay House - Ōnawe King Suite,10
name,Te Ara Cottage Tranquil Retreat,10
name,Sumner Beach Front House,10
name,Cosy New Sleepout@ Papanui 40%Discount 4 longstays,10
name,Modern 2 Bedroom Townhouse in Central Christchurch,10
name,The King Suite on St Asaph with Parking,10
name,Central Christchurch Apartment with Parking,10
name,Urban Stays Christchurch Central | Te Kaha Stadium,10
name,Simply The Best CBD 3 Mins Plus Garage,10
name,Central City Apartment With A View,10
name,"Modern Suite near Te Pae,CBD,Town Hall,Hagley Park",10
name,Better on Bealey,10
name,Barrington Brickworks,10
name,"Executive Stay, Work Trip, Event Base with Parking",10
name,"CBD Living, private, stand alone",10
name,Couples get away-Private Cinema-Games Room-Prkng,10
name,100m from stadium- 2 bedroom - new build carpark,10
name,"The 2BR Hereford Haven - Relax, Recharge, Repeat",10
name,Casebrook Guest Suite - 5 min drive to airport,10
name,City 1 bed with Carpark. Top Floor - Lift access,10
name,2 min walk to the Riverside Market & City Centre,10
name,Christchurch Townhouse,10
name,Oasis near city center,10
name,Modern and Convenient Townhouse,10
name,"Executive Accommodation. 3 Bed, 3 bath + Garage",10
name,Modern 2-Bedroom Home with Backyard in Edgeware,10
name,"Walk In, Unwind & Feel Right at Home",10
name,The City Retreat,10
name,Westminster Haven - Christchurch Holiday Home,10
name,Fabulous Reviews : Host of The Year Finalist 2022,10
name,"* Walk to TownHall, Casino, Te Pae, Free Car park",10
name,Book a room in home - Tranquil Oasis close to city,10
name,Peaceful Pocket,10
name,Live the High Life 1 Bdrm Luxury With Park,10
name,Comfort 2-BR at Cambridge Tce,10
name,The Welders Residence — 3 Bedroom With Garage,10
name,Couples Haven,10
name,5 bedroom Mediterranean home with pool & spa!,10
name,"Close to airport, quiet double bedroom upstairs",10
name,Gloucester Grotto,10
name,Stylish Ensuite Loft in Prime City Location,10
name,"Cityside Comfort!  Modern 2BR, 2BA with Parking",10
name,"Rest nest, ensuite bedroom",10
name,Kiwiana Gem | Stylish Stay with Parking,10
name,Game Day Getaway | 2BR Townhouse + Parking,10
name,Peaceful Garden Couples Retreat,9
name,Stylish Cashel Townhouse Stay,9
name,Cosy Loft 3.5 km city 8.5 km Airport free parking,9
name,Central 1BR Apartment Steps From Te Kaha Stadium,9
name,Belfast Escape – Modern Home Near the Airport,9
name,Bibiana Breeze: Cozy Large Home in Great Area,9
name,Polished Urban Stay Near Christchurch’s Best Spots,9
name,Cityside Stays - CBD Location,9
name,Surf Break Apartment 3,9
name,Cosy 2 bedroom close to the CBD,9
name,"City Escape, Courtyard and Free Parking.",9
name,"Convenient, spacious 3 B/R Oasis",9
name,Modern Family-Friendly Home Near St Albans Park,9
name,"4 Private Rooms & Private Communal Space, Ensuites",9
name,Sunny Room in a beautiful house,9
name,Modern 2BR Apartment by Te Kaha Stadium,9
name,#8 Jacques Garden Apartments by AVI,9
name,Central Secure Double Garage 5 Bedroom Apartment,9
name,Room at iris sphere 楚云居,9
name,Modern master suite. 10 minutes from the city,9
name,One Bedroom Twin Studio,9
name,"Private Room in Modern, Clean & Safe Townhouse",9
name,Christchurch City Stadium Apartment,9
name,Stylish 3BR Townhouse with Garage,9
name,Christchurch Room with Private Bathroom + Bath,9
name,Retreats Workshops or Gatherings,9
name,Lively 2BR Retreat near Te Kaha Stadium,9
name,Cosy Studio Escape in Wilmer,9
name,Rooms at iris sphere 楚云居,9
name,"Near to City, King Bed, Clean & Tidy House",9
name,Family-Friendly 1940s Villa - modern and sunny,9
name,Brand new 3 bedroom house,9
name,"Sun, Sea & Stunning Views: Modern Cass Bay Escape",9
name,Your Country View Nest,9
name,"Central City, Private and Peaceful Designer House",9
name,Modern City Haven CHCH,9
name,"The A-frame rural retreat, Port Levy",9
name,* CBD Charm – 5BR Heritage Stay + Free Parking,9
name,Modern Renovated Home • Sunny Deck • Quiet Area,9
name,Comfort & Convenience,9
name,New! Charming 2BR w/ Free Parking on Gloucester St,9
name,Charming Comfort in a 1940’s Sumner Gem,9
name,Port Studio,9
name,Garden City Getaway 2 bed with sofa bed 1 bath,9
name,New Build City Townhouse & Gated Car Park,9
name,Lushingtons Bay - Takamatua,9
name,Bellbird Cabin Heathcote Valley,9
name,Bright & Comfortable Family Home in Halswell,9
name,Riverwood Hut Little River,9
name,Cityscape Haven - Christchurch Holiday Apartment,9
name,Overleigh Shearers' Quarters,9
name,Saint Albans Stunner,9
name,Entire 3-bedroom house,9
name,Modern Heritage 2BR Home,9
name,One Wakefield,9
name,Modern 3 Ensuite CBD with Carpark -walk to Stadium,9
name,Manchester Square Urban Stay – Easy To Everything,9
name,"Near to City, 2 Single Size Beds, Clean & Tidy",9
name,Luxury 4-Bedroom Sumner Home with Ocean Views,9
name,Sunny Two Bedroom Townhouse,9
name,Tiny House in Peaceful Heathcote Valley,9
name,Zion House|Modern & Cozy|near Airport|free parking,9
name,Bright Family Home in Elegant & Safe Avonhead,9
name,Comfortable Stay in Halswell Close to Shops & Park,9
name,Cosy Central City Studio,9
name,Guests favourite. Close to Airport & University,9
name,1 Bedroom Apartment near Te Kaha Stadium,9
name,Cotswold Retreat – Cosy 1-Bedroom with Logburner,9
name,2BR City Escape on Welles Street,9
name,"Room available in modern, comfortable, sunny home!",9
name,Modern 2BR Townhouse by Te Kaha Stadium,9
name,Central Stay: 1 Rooms + Private Bath/queen bed,9
name,Large sunny bedroom with full ensuite,9
name,Stylish 3BR Escape • Parking & Modern Living,9
name,Stylish Modern Townhouse in the heart of City(CBD),9
name,Family Friendly - Harbour View 3-Bedroom Retreat,9
name,Halswell home from home,9
name,Stadium studio,9
name,Comfortable 5-Bedroom Home • Convenient Location,9
name,Family friendly 3 bedroom house with amazing views,9
name,Bliss at Madras - Christchurch Holiday Home,9
name,Stylish City Escape: 2BR with Private Deck,9
name,2 BR Home | Walk to City & Stadium,9
name,Central Modern Apartment with carpark,9
name,Modern City Apartment with Balcony in Christchurch,9
name,301 bealey ave motel in city centre free parking,9
name,New House with Clear Sky View & Spa,9
name,‘Over the Moon’ - 2bdm 2bath | Steps from Stadium,9
name,Modern 2-Bedroom Townhouse Near City Centre,9
name,Comfortable 2BR Home Steps from Te Kaha Stadium,9
name,Relax in Designer Luxury at Central City Townhouse,9
name,One bedroom,9
name,"Stylish New Unit, 2 mins from Hagley Park",9
name,Harbour Crest Retreat - Lyttelton Holiday Home,9
name,Blissful Studio | Few Steps from City Life,9
name,Brand new 3 BR 3 Bathroom close to Hornby mall,9
name,"Hop, Skip, Jump to the city !",9
name,Cosy room with garden view,9
name,House on quarter Acre,9
name,Ōtautahi CHC •Walk to Town •KING Bed •Free Parking,9
name,New Luxury Townhouse in the Heart of Christchurch,9
name,Cozy single bedroom near airport,9
name,West lake holiday home,9
name,Urban Retreat in Christchurch Central,9
name,2-Bedroom w/ Carpark. Overlooks Central East Frame,9
name,Large en-suite bedroom in family friendly home.,9
name,Central 2BR Townhouse Close to Te Kaha Stadium,9
name,Riverside Apartment - Christchurch City Centre,9
name,Overleigh Eco-Pod,9
name,Queen Bedroom 10mins to Airport,9
name,1890 Cottage! 3BR House + Backyard + Central,9
name,Studio cozy room close to Airport,9
name,Modern townhouse. Own ensuite!,9
name,Cozy Living in Unit 4 Armagh,9
name,Comfortable in Central Christchurch + Park Views,9
name,Yurt on the sunny side,9
name,Elegant 3-Storey with Garage Parking by Latimer Sq,9
name,Elegance on Elmwood,9
name,Halswell Quarry - Walk and Explore - 3 bed,9
name,Sumner Beachside Apartment,9
name,"Modern Studio Near Stadium, Dining & City Fun",9
name,Tranquility on Tivoli,9
name,1 Bedroom Central Apartment by Te Kaha Stadium,9
name,"Like A Hotel Room, But Better. Single Level Studio",9
name,"Modern Spacious Home, very close to City Centre",9
name,Stylish 2BR Retreat by Te Kaha Stadium,9
name,"Family friendly house, close to Riccarton Mall",9
name,Contemporary 2BR Stay Near Te Kaha,9
name,Wigram Residence - Spacious Family & Group Retreat,9
name,Stylish 1BR Apartment near Te Kaha Stadium,9
name,Your separate space in Wigram.,9
name,Sydenham sanctuary,9
name,Modern Suite on St Asaph Street with Parking,9
name,Blessing Holiday House,9
name,Character Villa - Family and pet friendly,9
name,Fresh 1 Bedroom Apartment Close to Te Kaha Stadium,9
name,Prime Spot Brand New Luxury 1 Bed Apartment.,9
name,Pacific Bayview Apartment,9
name,French Inspired Retreat - Akaroa Upper Deck,9
name,Historic Industrial Charm meets Modern Comfort.,9
name,2 Bedroom Delight near Te Kaha Stadium,9
name,Christchurch Airport House,9
name,Manuki Tiny Retreat - Private stay Templeton,9
name,Peaceful Stay in a Cozy House,9
name,Dudley Creek - Guest House,9
name,Charming Retreat Ilam Cozy Home,9
name,Central Akaroa 2 bedroom upstairs apartment,9
name,Freshly Built Apartment Near Te Kaha Stadium,9
name,The View,9
name,Yaldhurst Hideaway,9
name,A cozy corner in the busy city,9
name,SWEET AS Sleepout Double room,9
name,"Drifter Bunkhouse Ensuite, Sleeps 8",9
name,Cosy  1-bedroom self contained guest cabin,9
name,Location Location Location 2 Mins CBD Free Parking,9
name,"""Home away from Home"" - warm, sunny, welcoming.",9
name,Central City Retreat - with secure carpark,9
name,Tipi in the Garden,9
name,Christchurch City Villa,9
name,Quiet unit by the hill & the bay. (Sorry no Shops),9
name,Modern 3 bedroom 3 Bathroom in CBD,9
name,Christchurch Coastal Abode,9
name,Luxe City Stay Sleeps 7 with Free Car Park,9
name,Family friendly in Cashmere,9
name,Mountain vistas over the city,9
name,"Airport apartment spacious, warm, families welcome",9
name,"Elegant Mansion for Weddings, Business & Family",9
name,Modern Christchurch Stay • Spa & Comfort,9
name,"New home, new bed, warm home - low price",9
name,The Riverside Apartment,9
name,City Central Studio Retreat with Parking,9
name,Teddington’s Bay Countryside,9
name,Townhouse Close To Merivale. Off Street  Parking,9
name,"3 bedroom brand new townhouse comes, don't miss!",9
name,Stunning Views Await! Renovated Retreat in Akaroa,9
name,"Posh on Peterborough
3 Bed + 3 Bath",8
name,Lovely 2 Bed 2 Bath,8
name,Nice 'n Light,8
name,Cosy private room with king bed,8
name,Calm & Cozy - Peaceful Garden Room in Russley,8
name,近机场的独立套间,8
name,Best Location in city centre—free parking,8
name,Manaaki Mai Hut Retreat - Purau Lyttelton Harbour,8
name,"Million dollar views, 4 bed, 2 bath and spa",8
name,Beautiful house near everything!,8
name,Luxury Townhouse with Reserved Car Park | Sleeps 8,8
name,Kohunga - Modern coastal retreat,8
name,Selwyn Heights,8
name,Luxury CBD Apartment Free parking,8
name,Akaroa Townhouse Steps to Wharf,8
name,Brand-New 1BR Apartment near Te Kaha Stadium,8
name,10 Min to Christchurch Airport | Private Sleepout,8
name,Modern 3 BR Townhouse - Only short walk to Stadium,8
name,Family-Friendly CHCH Home | Peaceful & Spacious,8
name,"Private Sleepout. Sunny, quiet, accessible",8
name,Stay in a Sleek Apartment in the Heart of CHCH U5,8
name,Central & Convenient City Apartment,8
name,Harewood Lodge Family Room,8
name,BRAND NEW City Centre Apt @ Manchester Square,8
name,Elegant City Living | 2 King Beds | Central CHCH,8
name,Christchurch Central Studio,8
name,High Roller Luxury Casino Suite,8
name,"Modern 1BR Townhouse, Central City",8
name,"3 bedrooms, 4 beds, near airport",8
name,Central of the City Cosy Home - Free Parking,8
name,"Quirky Pod, Double Bed, Wi-Fi + close to CBD",8
name,The Sandbar Nook | Cozy Tiny House Near Beach,8
name,"2 BR Cottage 4 Beds, 1 min walk to Harbour & Shops",8
name,"Cozy & Sunny Room – Near City Center, 7-min Drive",8
name,Central City Stay| Ideal for Work Trips & Friends,8
name,Cosy Modern 2 Bedroom Haven,8
name,Mid-century home by the hills,8
name,Hidden Sanctuary in North New Brighton.,8
name,Private Sunny Unit close to the Airport,8
name,Central 1BR Apartment near Te Kaha Stadium,8
name,Grey Terrace-Comfy 3 Bedroom in CBD-Free parking,8
name,Christchurch - Heathcote Valley,8
name,The Daughter's Anchorage · Historic Cottage,8
name,Private Apartment Close to Christchurch Airport,8
name,Guesthouse on Gardiners - No cleaning fee.,8
name,Blissful Abode,8
name,Central 1BR Apartment with Kitchen & Patio,8
name,Entwhistle Cottage  - central city,8
name,Discover a Brand New Apartment in Vibrant CHCH U1,8
name,LyLo Queen Ensuite Accessible,8
name,"Luxurious Villa - Spacious, Charming, Views",8
name,Luxury 2 bdrm Downstairs Apt w Private Pool,8
name,Hoon Hay Haven,8
name,Large Bright Room Great Location! No Cleaning Fee!,8
name,Perfect for Groups: Stylish 4BR Devonport Stay,8
name,Chic Christchurch 1BR Apartment by Te Kaha Stadium,8
name,Mid century home with unbeatable views,8
name,Peacefull and near City Centre,8
name,2 Bedroom Near Hagley Park & Wolfbrook Arena,8
name,The Woodshed,8
name,Immerse Yourself in Contemporary Retreat in CBD U2,8
name,Windsor Apartments - A little luxury in the city,8
name,Beautiful home near everything!,8
name,Stylish and Secure Family Home,8
name,Indulge in New City Accom with All Amenities U6,8
name,Beautiful studio near everything,8
name,Airport Retreat 4 Bedrooms 8 Guests,8
name,"Rossall BnB-Self cont. unit, bkfast, 2k city, keys",8
name,3BR/4BA Townhouse • Sleeps 8 • Parking • Games,8
name,Fresh 1BR Apartment Steps from Te Kaha Stadium,8
name,Quiet and peaceful luxury at a low price,8
name,Warm Family Home near CHCH Airport with Parking,8
name,New Build 3BR Townhouse - Ease to Explore the CBD,8
name,Spacious 3 Bedroom Townhouse - Close to Stadium,8
name,Full-sized 3BR Townhouse - Walking distance to CBD,8
name,Private Ensuite near Christchurch Airport,8
name,5BR Home Near City & Stadiums,8
name,Bright & Modern 3BR Home U5,8
name,2 Bedroom Escape near Te Kaha Stadium,8
name,3BR Townhouse with Garage - Group and Fam Friendly,8
name,Luxury Apartment Christchurch Central,8
name,Inner City Executive Apartment with EV Parking,8
name,"Games Room Escape, Pool Table, Ping Pong & Air Con",8
name,"Modern City Apartment w/ Pool, Gym, Free Parking",8
name,Spacious 1BR Apartment in Manchester Street,8
name,Private room in Christchurch,8
name,The Park – Premium 2-Bedroom Apartment,8
name,Central City Stay: Walk to Hagley Park and CBD,8
name,Luxury Cottage with Outdoor Spa,8
name,"2BR Unit Comfortable, Spacious & Free Parking",8
name,"LUX inner city, apartment with park views",8
name,Luxury CBD Retreat | 2 King Beds + Ensuites,8
name,Welcome to our Charming 1927 Villa- Minutes to CBD,8
name,Modern 4BR in Riccarton Walk to Mall and Park,8
name,A Million City Views - Sleeps 10,8
name,"Modern Studio in City Centre,1 min walk to Stadium",8
name,"Central City | Walk to Stadium, Dining & Shopping",8
name,Luxury Family Friendly 4 Bed in Wigram,8
name,"Family Reunion, Sports Group! 4BR Private Spacious",8
name,Private and comfortable guesthouse,8
name,Sunny & Spacious Christchurch Townhouse.,8
name,Master bedroom with its own bathroom and toilet.,8
name,St Albans City Stay,8
name,2 Bedrooms Modern Home Near airport,8
name,Sherborne St | Secure Townhouse with Double Garage,8
name,Enjoy Contemporary Urban Living in the Centre U7,8
name,Christchurch Character Home in Heart of Strowan,8
name,Spacious Ground-Level Studio in Central Location,8
name,Aura Retreat,8
name,Comfortable Three-Bedroom Home U6,8
name,Central City Class,8
name,no. 6 Private single room at detached sleepout,8
name,1 Bed Comfort in the Heart of CHCH,8
name,Quiet Apartment in Garden Motel by Hagley Park#1,8
name,Chic Modern Town House in Riccarton w/Free Parking,8
name,"Lovely, sunny 2 bedrooms, 1 block to Sumner beach.",8
name,A charming house in Montreal,8
name,Quiet 2 bedroom Flat — 5 Min Walk to Sumner Beach,8
name,Coastal Cabin With Ocean Views & Spa,8
name,Charming house in Montreal,8
name,"The Loft - Hot Tub, Views & Nature Escape",8
name,Laid-back Sumner bach- 5 min walk to the beach,8
name,Luxury hill retreat - private spa and epic views,8
name,Central Gloucester Escape Stylish 2BR Townhouse,8
name,'Little Two' - Cosy Studio close to Airport,8
name,Walnut Studio - private self contained,8
name,Motel Studio Room,8
name,Spacious Modern City Centre Townhouse with CarPark,8
name,City Center Comfort in Manchester Street,8
name,Stylish 1BR Retreat near Te Kaha Stadium,8
name,Beautiful 30m2 tiny home!,8
name,Leitch Cottage with carpark,8
name,"20min walk to city, large room with ensuite",8
name,Heart of Russley,8
name,Stylish Inner-City Manchester Street Stay,8
name,The New Stables with a view,8
name,"Comfy Room, Wi-Fi, Double Bed + Close to CBD",8
name,Newly Built 1BR Apartment near Te Kaha Stadium,8
name,Unit in Manchester Square — New Stadium,8
name,Christchurch 4bdrm close to Hagley Park Riccarton,8
name,"Church Corner,  Parking and Large Living Area",8
name,Modern 2-Bedroom Townhouse in Central Christchurch,8
name,the alpine bunk shelter,8
name,"Self-Contained Studio 
| 10 min to City + Parking",8
name,Home in Beckenham Christchurch 2 bedroom Cottage,8
name,Riverside Retreat on Terrace | Pet Friendly,8
name,Central City Hideaway | Family & Work Friendly,8
name,Large townhouse. Garage. Full kitchen & dining,8
name,Cozy & Convenient,8
name,Central City House with Garage | Walk to Stadium,8
name,Private Kitchenette Garden-View Room,8
name,Comfortable City Stay · Great Stadium Access,8
name,Nikau Villa - Akaroa Luxury. Own ensuites!,8
name,Roomy 3-Bed Harbour View Getaway · Sleeps 7,8
name,JD'S Place - Akaroa Holiday Home,8
name,Cozy ensuite & Private entrance & Self Check-In,8
name,Elysian Du Regent Boutique City Apartment,8
name,2 bedroom unit,8
name,Comfortable Home Near Burwood Hospital & Forest,8
name,"Affordable, relaxing, private. Our happy place!",8
name,Riverside Retreat | Central City + Parking,8
name,Beautiful Townhouse in City Centre,8
name,Stylish 2-Bedroom Home with Back Yard,8
name,Akaroa harbourview studio: SEE NOTE/landscape work,8
name,Spacious 4 Bedrooms Home for large Families,8
name,💫 Sleep Amongst the Clouds - Panoramic Views ☁️💤,8
name,Relaxing Stay in Wigram,8
name,Cosy cottage,8
name,City fringe Haven- private double room,8
name,"Spacious, Ground Floor Apartment, Carpark, 2 Beds",8
name,Secluded oasis in Halswell,8
name,Spacious Studio with Full Kitchen: Close to CBD,8
name,City Haven 3 bed 3.5 bath + garage,8
name,"Dollar View, 9 km to city center",8
name,3 Bed 2.5 Bath Riccarton W/Games room & CarPark,8
name,The Beautiful Trio – 3 Homes for One Group,8
name,Best location to access to all amenities you need,8
name,Central City Stay • Private Courtyard • Parking,8
name,Bright 2BR House: Steps Away from Te Kaha Stadium,8
name,Character and charm in a perfect location,8
name,"Home with heart, on the most delightful street",8
name,Cozy Retreat with Hot Tub,8
name,Freshly Styled 1BR Apartment near Te Kaha Stadium,8
name,Garden suite,8
name,Private room in Lyttelton Family Home,8
name,Yondersea,8
name,Cosy place near Christchurch airport,8
name,Central 3BR and 2.5 Bath Townhouse with Parking,8
name,Central City 2BR Apartment + Carpark & Lift,8
name,Find Your Modern Oasis in the Heart of City U4,8
name,"Sun Drenched City Pad, Free Parking",8
name,Central City Loft - Sleeps 10,8
name,Private sleepout with garden-view lounge,8
name,Ocean view getaway in Charteris Bay,8
name,Large 3 BR Townhouse in CBD Perfect for Groups,8
name,"Lucky number 8, 4br. free parking close to Airport",8
name,Luxury 2-Bedroom Retreat in the Heart of Merivale,8
name,"Cosy cabin, WI-FI, Close to CBD.",8
name,New York Loft | Private Car Park | Walk to Stadium,8
name,Large Motel Unit closed to town,8
name,Private Guest Suite in Quiet Avonhead Cul-de-Sac,8
name,"3 BR, 3 Bath Townhouse with Garage - in CHCH CBD",8
name,City Central Living at its Best,8
name,Beautiful and clean Home,8
name,Innes Rd Parkside,8
name,Comfort and Convenience - Close to Airport & Mall,8
name,Family Home on Tomes,8
name,En-suite close to Airport,8
name,Bright Apartment Close to Te Kaha Stadium,8
name,it's a home surrounding with lot of amenities.,8
name,A Hidden Gem in central city,8
name,Groups wanted CHCH CBD 3bed 3 bath with garage,8
name,"Two storey estuary house, mins walk to beach.",8
name,Gloucester Escape  Modern 2BR with Outdoor Space,8
name,Hawkesbury Executive Home,8
name,Wigram Escape: Minutes to Ngā Puna Wai Sports Hub,8
name,Modern 3BR Escape 3Bath Garaged,8
name,Attached studio by the beach (plus breakfast),8
name,Burnside /Ilam haven,8
name,A comfy family stay near Hornby Mall. Sleeps 8,8
name,Triple Room with Private Living Area and Balcony,8
name,Spacious Central Townhouse – Perfect for All,8
name,Apartment on Hagley Park,8
name,Bottle Lake En-suite. Great wifi 12pm checkout!!,8
name,Modern 2BR Townhouse Near Hagley - Free Parking,8
name,Beach Haven,8
name,Beautiful haven near airport!,8
name,The Riccarton Niche - Sleek 2-Bedroom Urban Pad,8
name,Beautiful villa near everything!,8
name,A Tiny Home like no other!,8
name,Seaview Family Stay Akaroa,8
name,Private guest suite close to the airport.,8
name,Delightful Double Room,8
name,City Apartment by Riverside Market & the Hospital,8
name,Parisian Chic,8
name,Luxury 4 bedroom house in central city 5 star,8
name,Executive Family - 7 mins to city - Sleep 6,8
name,"Akaroa Hideaway – Cosy Studio, walk to Village",8
name,Cottage on the corner,8
name,Little Garden Home,8
name,Modern Accommodation with sea views,8
name,Holly Road Executive Townhouse,8
name,Like new 2 bed fast broadband and car space,8
name,City Fringe Hideout - 2 Bed With Car Park,8
name,Relaxing 2BR House in Mohua Lane,8
name,Storybook French Cottage in Akaroa. Pet friendly.,8
name,Pōhue PurePod - luxurious glass eco-cabin,8
name,Relaxed City Living - 3 Bedroom Home with Parking,8
name,Stones Throw From the Stadium & Hot Tub,8
name,Sun Soaked City Escape 2BR and 2Bath Townhouse,8
name,LyLo  Ensuite Queen Room,8
name,CBD Entertainer – 2-Bed Townhouse by Little High,7
name,Moncks Bay Hideaway,7
name,Breezy Beachside Haven | New Coastal Retreat,7
name,Contemporary City Living on Manchester Street,7
name,Peaceful Sumner Family Haven Near Beach & Tracks,7
name,Elegant Family Home in Merivale,7
name,The Garden Haven in Fendalton,7
name,Andover near the Park,7
name,A Teeny Tiny Sanctuary in The Heart of the City,7
name,Luxurious home with heated pool,7
name,Hillsborough 3-Bed Family Retreat | Entertainment,7
name,Amazing sea view in new self contained Apartment,7
name,Spacious country retreat in native bush setting,7
name,The Pinnacle of City Living 2 Beds 2 Bths Parking,7
name,Home on Hagley,7
name,Entire Stunning Apartment Accommodation in CBD,7
name,One Bedroom at Aotea Motel,7
name,Design Conscious Gem - Centre City |Secure Parking,7
name,"Room in a modern townhouse, 10-min drive to town.",7
name,Beautiful Home in Christchurch,7
name,Charteris Coastal Retreat,7
name,Boutique Sophisticated One Bedroom Hideaway,7
name,"Serenity in the City Centre. Sleeps 6, has carpark",7
name,Cozy & Warm Retreat | Private Room | Sleeps 3,7
name,City Town House - Blue,7
name,Beachside Bliss: 1 Bed 1 Bath,7
name,Stylish City Fringe 2 Bedroom House.,7
name,Spacious City Studio Apartment With Lock Up Garage,7
name,"Cozy 2-Bed Near Westfield, Hagley Park & CBD",7
name,"Iconic OGB 1-Bed Apartment | Gym, Pool & Carpark",7
name,Float on Pacific Highs,7
name,Peaceful Retreat: King Bed & Quick City Access,7
name,“Graylees” Stunning Private Family Home,7
name,Seaside 2 Bed 2 Bath Haven Short Walk to the Beach,7
name,"10 min Airport | Private 2 Bedrooms, Bath & Lounge",7
name,"Private Room
 - Sumner Beach Retreat",7
name,Classic and Comfy Townhouse + Carpark on Colombo,7
name,"* 1 mins Walk to Town Hall/Casino, free car park",7
name,Penthouse with Park View,7
name,Modern Loft in CBD with Private Courtyard,7
name,Bath Street City Studio,7
name,Designer Gated Townhouse | Carpark | Sleeps 6,7
name,Luxury 2-Bed Townhouse | CBD Stadium View,7
name,Hidden Gem of Christchurch - Sleeps 13,7
name,Garden View Studio,7
name,Central City Townhouse with Balcony,7
name,Sleepout with 2 rooms and adjoining bathroom,7
name,Hagley Haven | Guest Favourite,7
name,Hillside haven in Heathcote Valley.,7
name,Brand New CBD Stay | Next to Stadium.,7
name,Room near Hagley Park,7
name,Stylish CBD Apartment with parking | Stadium Front,7
name,Fresh & Modern 1BR Stay in Manchester,7
name,City Centre Class,7
name,Cosy Modern Home: New Build in Christchurch.,7
name,Effortless City Living | 2BR + EV,7
name,Sunny studio with estuary and mountain views,7
name,Audreys Merivale Hideaway,7
name,"Luxury 2BR Near ARA, Stadium & CBD – Parking",7
name,Modern Family Home with Outdoor Living in Wigram,7
name,Stylish 2BR CBD Townhouse – Stadium Views,7
name,Heart of the City – Stylish 2BR with Parking,7
name,Cozy private place for peace of mind,7
name,Executive Studio @ Cranford Cottages and Motel,7
name,1BR Apartment | Free Parking | Prime City Location,7
name,Christchurch Worcester Street 2 bedroom Apt,7
name,2BRM City Convenience on Armagh,7
name,Stylish Studio in the heart of the city,7
name,"Central 1BR Apt - Balcony, Kitchen & Bath",7
name,Bel Air Mansion - Sleeps 12 Villa,7
name,"Seaclusion - Water Views, Great for Big Families",7
name,Brand New City Townhouse with Free Parking,7
name,Two Bedroom at Aotea Motel,7
name,Quiet and warm family home,7
name,"Walk 2 Casino, town Hall, TePae, Free Carpark",7
name,Peaceful Bushside Single Room,7
name,Stylish Stay Near Christchurch Airport,7
name,2BR/2BA Townhouse + Parking by Hagley Park,7
name,Mersey Mews - Brand New 2 Bed Townhouse Near CBD.,7
name,Central City Hideaway,7
name,"‘The Summer House’ - Huntsbury, Christchurch",7
name,Applewood Cabin 2 by Tiny Away,7
name,Chic stay close CBD&Tranzalpine,7
name,Luxury Central City 1-Bed Apartment | Near Stadium,7
name,Modern 2-Bed 2-Bath CBD Apartment + Parking,7
name,Lovely breakfast best views. 2 double rooms +,7
name,Modern 1 Bedroom Apartment across from Hagley Park,7
name,Wow on Welles- Central City Apartment,7
name,The Kilmore Collection,7
name,Tumblestone Cottage,7
name,Modern 3-Bed CBD Townhouse | Stadium + Parking.,7
name,CBD 3BR/2BA Walk to Riverside Market,7
name,Convenient 4BR Home Opposite Hagley Park,7
name,Luxury 2-Bed CBD Townhouse with Parking,7
name,Stylish Art Loft with Spa & Soaring Ceilings,7
name,Serene 2 Bed CBD Retreat,7
name,Holly Road Haven,7
name,City Terrace-3 Bedroom in CBD Free parking,7
name,Heart of Christchurch CBD Hideaway 2bed 1 bath,7
name,Nest Solo,7
name,Heritage Charm Meets Modern Luxury,7
name,City Getaway,7
name,A smarter stay for city visits and events.,7
name,"Cottage Charm Adorable, Cute with Outdoor Bath",7
name,Stylish. Spacious. Designed for living and working,7
name,The Central Villa | 4BR | 2BA | Peaceful City Stay,7
name,Cozy Family Haven by Waltham Pool,7
name,R&S House,7
name,Central CBD Apartment | Free secure parking | Slee,7
name,"Sleep, Dine, Explore – 2BR CBD Gem + parking",7
name,Close to Arena 1km to Railwaystation with car park,7
name,"Better Together BnB - Near City, Central Living",7
name,"City Stay, Sleeps 6 - Walk to One NZ Stadium",7
name,The Green View - Close to Airport & Mall,7
name,City Town House Yellow,7
name,"Spacious Home close to City, With Free Parking",7
name,Modern 4BR CBD Retreat: Townhouse + Studio,7
name,little comfort,7
name,Nice double room in Haslwell,7
name,Les Troupes Armstronge #3,7
name,Premium Single-Level 2BR 2Bath Home Near UC Campus,7
name,CityFringe new house in Richmond-Walk 2 Avon River,7
name,Convenient Family Home Near Airport And Uni.,7
name,Elegant 2BR Townhouse in Huanui Lane,7
name,CBD 2BR 2Bath by Hagley Park | Free Parking,7
name,Central 1BR Apartment with City Comfort,7
name,Sleek & New 1BR Apartment on Manchester Street,7
name,Brand New Designer 2BR 2Bath w Garage Central Chch,7
name,"Sunny Colombo St Stay. Reserved Parking, King beds",7
name,Parkside Home in Merivale,7
name,in hill with Stunning sea-views,7
name,Luxury King studio with spa and private carpark,7
name,Modern 2BR Oasis Minutes from CBD l Merivale Mall,7
name,1km Stadium • 1.5km City • New Build,7
name,Walk to Hagley Park | EV Charger | 3 Bed 3 Bath,7
name,Refurbished villa in a great location!,7
name,Cheerful 2 bedroom townhouse in Addington!,7
name,Stadium & Port Hills View 1BR Apartment | Balcony,7
name,"Warmth of Warrington.
Sleeps 4, with carpark",7
name,Devaansh Villa,7
name,Queen Room in Hoonhay,7
name,North Avon Bright Modern Home Near CBD,7
name,Modern City Base at Manchester Street,7
name,Stylish & Central - City View Apt w/ Free Carpark,7
name,Hagley Park View Apartment | CBD Christchurch,7
name,Classic Charm Meets Modern Comfort +parking,7
name,Applewood Cabin 1 by Tiny Away,7
name,Cozy 3-Bedroom near Hagley Park w/Garage,7
name,Hereford Central,7
name,Wairarapa Cottage - Merivale,7
name,Stylish 1BR Apartment Opposite Hagley Park,7
name,Merivale Lane Sanctuary,7
name,Chic 2-Bed Townhouse in Heart of Christchurch,7
name,Charming 2BR House by Westfield | Free Parking,7
name,Modern city apt with pool & gym,7
name,Christchurch CityNest with Garden,7
name,Box Office on Madras,7
name,Central 2BR City Stay on Armagh Street,7
name,"All the Space, None of the Stress | 2Bed + Parking",7
name,298 Home @ Christchurch central,7
name,"Location, Style, Practicality - carpark included",7
name,"Luxury 5BR Villa: BBQ, Hot Tub, Dining, Golf",7
name,Cozy Getaway in Riccarton: Homely Charm Awaits,7
name,Chester Street West Apartment,7
name,"Classic Kiwi Bach - 2 Bed, 4 guests with Hot Tub.",7
name,Bealey Avenue 3 Bedroom Villa-Central Christchurch,7
name,Akaroa Walnut Retreat,7
name,Garden view king studio,7
name,301 bealey ave apartment city centre,7
name,The River Bothy,7
name,Spacious Modern Family-Friendly,7
name,Stylish City Apartment Near Te Kaha,7
name,Fresh Build City Retreat in Christchurch CBD,7
name,Inner City Sanctuary: Free Parking,7
name,Private en-suite Room with own entrance (Suite 1),7
name,The Somerfield Grand Residence,7
name,Rose Cottage. Central City.,7
name,Central Comfort Sleek Stay,7
name,Seaside Single-level New Studio.,7
name,Walk to Te Kaha | Chic Single Room near CBD & ARA,7
name,Green Pasture Retreat,7
name,Stroll to the village and beach,7
name,A Room With A View Bed and Breakfast,7
name,Coastal Sanctuary - Brand New ModernTownhouse.,7
name,The Tiny Diamond,7
name,Park Studio at Mohua,7
name,"Diamond Harbour farm cottage, Banks Peninsula.",7
name,Cecil Wood Views,7
name,Private en-suite room with own entrance (Suite 2),7
name,City Living: Upper Studio Haven on Wilmer,7
name,"Sumner Beach, 2 blocks to the surf!
Monthly",7
name,Central City Dual Townhouses,7
name,TriPoint retreat airport cityUni,7
name,Hereford Hideaway - Central City Apartment,7
name,CBD Style Meets Parkside Calm + Free Car Park,7
name,Stylish townhouse Near Stadium,7
name,Sunlit Cedar Retreat with Ocean Views,7
name,Ground Floor Studio. Best Location in Christchurch,7
name,Lovely Riccarton Town house Bedroom,7
name,Peaceful Hillside Home in Cashmere,7
name,Serene Studio Escape on Madras,7
name,Central Convenience: Stroll to Bars and Eateries,7
name,Cozy Town House - Walk to Addington Raceway,7
name,Premium 2BR Apartment Near Stadium + Parking,7
name,"Top-Floor City retreat, 1-Block to Te Kaha Stadium",7
name,Central & Stylish | Modern Comfort in Christchurch,7
name,Central City Awaits 2 Bed 2 Bath,7
name,Fresh 1BR City Base on Manchester,7
name,On the park! Style in the CBD + Free Car Park,7
name,Colombo St Retreat | Garage | Ideal For Long Stays,7
name,Central City Apartment With Free Street Parking,7
name,Three Bedroom - Two Bathroom - Gated Carpark,7
name,Sydenham Escape with Patio and Parking,7
name,Central Park - in Christchurch,7
name,"2 bedrooms, 5 mins from the city",7
name,"Luxury 2 Bed, 2 Bath CBD Retreat with Parking",7
name,Portside Escape - Hotel Quality Linen,7
name,House Truck in the Garden,7
name,Luxury 2BR Townhouse in CBD | Free Parking,7
name,Heart of the CBD 1 bed with car park,7
name,Harewood Haven with Super King bed,7
name,Cheerful and Centrally located,7
name,Luxury And Tranquil CBD 2 Bed+Parking!,7
name,Cozy Sunlit Home Near City & Nature - Halswell,7
name,Luxury And Serene 2 Bed Near CBD With Parking.,7
name,Brand new 2 bed ocean view!.,7
name,Scandi Inspired Tranquil Cabin,7
name,Wonderful Family Retreat | 4BR Near Airport,7
name,G-House /Christchurch City Central /基督城市中心独栋屋/,7
name,Brand New 2BR Near Northlands Mall & CBD,7
name,Bruce Waterfront Apartment 31,7
name,Sunny Coastal Home • 5 min Walk to Waimairi Beach,7
name,Cosy entire home in Riccarton Mall,7
name,Fully Accessible Private room in town centre (Rm4),7
name,Spacious 6BR Home for Families & Groups,7
name,By the beach and restaurants / Quiet & comfortable,7
name,Christchurch cottage - Family friendly stay,7
name,Refined Luxury Retreat with Premium Comforts.,7
name,In the heart of it all: 2 bed CBD townhouse,7
name,Modern 3 Bedroom CBD House,7
name,Luxury Living | 2 King Beds + Parking,7
name,Modern 3BR Richmond Retreat with Garage Parking,7
name,Studio Retreat in St Albans – Peaceful & Secure,7
name,Airport Nearby | Large Open-Plan Family Home,7
name,Spreydon Style | 2BR + Parking,7
name,"Character, quiet, new (CNZhouse)",7
name,15 min to the Beach/CDB | Air conditioning | BBQ.,7
name,Bay Bliss - Akaroa Holiday Home,7
name,Tuam Street Treasure- 2 Bed 2 Bath,7
name,Family Retreat by Hagley Park & CBD,7
name,Urban Retreat: Cozy 2-Bedroom Near City Centre.,7
name,Sunny &cozy room waitting for you,7
name,"The Garden Sleepout, Strowan",7
name,City Town House Red,7
name,"Central City - Entire House (5 rooms, 10 people)",7
name,Brand new penthouse apartment overlooking the park,7
name,Room for Everyone | Family Stay + Garage,7
name,Central 2BR Townhouse with Private Yard,7
name,Woodills Wonderland – Akaroa Holiday Home,7
name,Cute & Stylish Loft- Affordable City Stay,7
name,"CBD 2-Bed, 2-Bath Townhouse + Parking",7
name,Central Christchurch Studio & 2BR Retreat,7
name,Cozy Studio Near UC & Christchurch Airport,7
name,Murray the Teardrop Campervan,7
name,2 Bdrm - Sleep 5 in Central City - Secure Parking,7
name,"Comfort & serenity, just 20 min drive from the CBD",7
name,Spacious 4 Bedroom Home,7
name,Serene garden studio with spa near beach and city,7
name,City Centre Modern Townhouse + Free Parking.,7
name,Sunny Queen Room Near Airport & City & Shops,7
name,SkySuite: Chic 2-Bed Apartment in City Centre,7
name,Cosy & Stylish 2BR Near CBD,7
name,Port hills retreat,7
name,Hagley Park Grand Townhouse l 3 bdrms plus garage,7
name,Spacious Sunny 4BR Family Home | 10 min to Airport,7
name,"Cosy House, Wi-Fi + Close to CBD",7
name,Inner City Haven - Christchurch Holiday Home,7
name,New inner City apartment!,7
name,Modern 2BR by Westfield Mall + Free Parking,7
name,The Ki House in Fendalton,7
name,Premium Central Residence | Parking | Sleeps 6,7
name,Brand New The little Gem close to everything,7
name,Grand 5-Bedroom Villa in Fendalton,7
name,Your Ultimate Getaway Awaits! 3 bedroom,6
name,"Best Value in CHCH, Fast Wifi, 6 Min to CBD, Sunny",6
name,Central city sunsets - Warm! Modern! Quiet!,6
name,City Centre Executive living 2 Br/2Ba Free carpark,6
name,Cosy Stay Close to Airport,6
name,4 BRD Shirley family house - 10 mins drive to CBD,6
name,"Luxury - your own indoor pool, spa & sauna!",6
name,Your Home away from Home - Entire Home.,6
name,Peaceful retreat with sparkling views,6
name,Suncrest Retreat- Christchurch Holiday Home,6
name,Cosy home 3BR close to UC,6
name,Manor Apartment with Wifi and Sky TV,6
name,Modern Coastal Retreat - 4 mins walk to the beach!,6
name,Classic Villa with Parking & Modern Comforts,6
name,2 Bdrm in Merivale| free Carpark,6
name,Peaceful City Townhouse | 2 Bed+ Private Car Park,6
name,Elegant 2-Bedroom Stay on Wilmer Street,6
name,Prestigious Country stay  10ks from CBD,6
name,Walk to Arena in 15 minutes - Addington Cottage,6
name,Cosy stay near Christchurch airport,6
name,Sleeps 11 - 6BR Group Stay Near CBD + Parking,6
name,That's the ONE,6
name,Private ensuite room with own entrance,6
name,"The Canterbury Quad - 4 Beds, Ensuite",6
name,Brightside Spa & Sauna retreat,6
name,Prime Location! Chic Apartment Near ONE NZ Stadium,6
name,Stylish Central City Retreat,6
name,Cosy on College Rd,6
name,Sunny Upstairs Double Room in Upper Riccarton Home,6
name,A Southshore Classic,6
name,Stylish Manchester Street City Stay,6
name,Modern Home | Free Parking | Walk Everywhere,6
name,Queen Bed in Private upstairs room.,6
name,Citypad Studio,6
name,Merivales handy hideaway.,6
name,Modern Central City Sanctuary on Welles Street,6
name,Stylish & Cosy + Full Kitchen Garage Washer/Dryer,6
name,Atlas Quarter Big ground floor apartment,6
name,"The Terraces, 1 Bedroom Apartment in Huntsbury",6
name,Walk 2 City •Parking •Washer/Dryer •Kitchen •WIFI,6
name,Luxury Central City Abode,6
name,Cosy and cute,6
name,Elegant Family Home,6
name,Cashmere Hideaway - with mountain views,6
name,Queen Room+Private Bath! Walk to CBD/Stadium/ARA,6
name,Burnside，经济实惠4 房，独立别墅，近机场，安静尾街,6
name,Spacious Family Home -Sleeps 7-Near Airport & City,6
name,Central City Cozy Queen Room,6
name,"Big House - Great for families/groups, nearby CBD",6
name,"Coastal Oasis: Pool, Spa, Orchard: Sumner Beach",6
name,Modern City Lifestyle: 2 Bedroom 1 Bath,6
name,Wigram quite sunny room,6
name,Private Room with ensuite close to Airport/CBD,6
name,Rivendell Cottage in Christchurch CBD,6
name,Cozy Peaceful Private Room / Free Parking,6
name,2 Bedroom City Pad with Free Car park,6
name,Affordable Family Stay Near Northlands Mall,6
name,Central & Stylish Includes Free Secure Parking,6
name,Cosy Room in Central City,6
name,Nest Retreat,6
name,Wigram sunny room,6
name,Settle into the sun set,6
name,Designer Detailing in the CBD: 2 bed 2.5 bath,6
name,"Stroll to the Stadium, 2-Bed with Private Carpark",6
name,Serene Getaway - 2BR on Manchester Street,6
name,Garden City Queen Room – Christchurch,6
name,Central Crossing - Christchurch Holiday Home,6
name,City-Edge 2BR Townhouse by Te Kaha,6
name,Central Lyttelton accommodation sleeps 10,6
name,"Large sunny king bedroom, close to airport/shops",6
name,Style meets comfort 2 Bed CHCH CBD,6
name,Right-side Private Guest Studio near airport,6
name,Te Kaha View | Cozy New CBD 1BR,6
name,"Stylish Standalone – 2 Bed, 2 Bath + parking",6
name,2-Bed Oasis with a King Bed and Green Accents,6
name,Spacious 6BR Home for Large Families or Work Teams,6
name,BnB 2 Rooms upstairs near Christchurch Airport,6
name,Robin Hood Bay Farm House,6
name,Spacious Serenity near Westfield Mall: 6BR,6
name,Serene Forest Retreat,6
name,Fully Accessible Private room in town centre (Rm3),6
name,Mediterranean style home,6
name,Modern Home in Halswell,6
name,NEW CBD Bright&Warm Home Free Parking,6
name,"4bed/4bath/Carpark ""Urban Elegance Retreat""",6
name,Cozy Cluck Cove Studio,6
name,Luxury Apartment with Wraparound Balcony & Carpark,6
name,"Escape to Magic; Casterton Cottage, luxury and spa",6
name,Private Room in cosy Cottage,6
name,Prime Central City Pad - Convenient & Comfy,6
name,"Lighthouse, outdoor bath star gaze, airport,12 min",6
name,#1 River view Guest House in New Brighton,6
name,Sanctuary close to the beach w/Sofa Bed,6
name,Stylish 3 Bed Lux Home Close To CBD With Garage!,6
name,Comfy room near hills and ocean,6
name,#2 Riverside Guest House in New Brighton,6
name,Teeming House/Warm/Cosy/CloseAirport/Cafeteria/Gym,6
name,3 Bed Family Retreat Classic Charm With Park Views,6
name,Brand new home Gem — Near City & Shops,6
name,Comfortable 2BR w/ Hot Tub | Close to Airport,6
name,Family Home Opposite Air Force Museum,6
name,Kowhai Cottage Private Room,6
name,La Vue - Boutique Waterfront Apartment,6
name,Shrewsbury Retreat,6
name,"Room in Apartment for Electric Ave, 100m to Venue",6
name,"Waimari Waves
Private ground floor studio",6
name,Merivale Haven,6
name,Central City Spacious Studio Near Riverside Market,6
name,Modern Central City Apartment With Lock Up Garage,6
name,A Family Stay in Christchurch,6
name,Comfortable Stay in Christchurch,6
name,"Saxon Cottage, original 1880's Chch farm cottage",6
name,Spacious 3BR Townhouse - Majestic on Manchester St,6
name,A Cozy Three-bedroom Family Home,6
name,Stadium Outlook,6
name,"Inviting, close to airport, | Fast Wi-Fi & Parking",6
name,Modern CBD Townhouse close to new stadium,6
name,䁔心屋,6
name,"Warm, sunny, cosy beach house.",6
name,City-Fringe Luxury Stay | 2BR Parking | Guest Fav,6
name,"Urban Locale: Bars, Bites, Shops",6
name,"City Calm Retreat – 2BR, 2BA, Free Parking",6
name,"Modern, 3bdrm Apartment - Close to City Centre",6
name,City to Beach,6
name,Betty place,6
name,Queen Cozy bed and room to relax in Christchruch,6
name,Renard Retreat,6
name,Akaroa Streamside Retreat • Hot Tub • Valley Views,6
name,Kimpton James 1-Bedroom Apartment with Balcony,6
name,CBD 1BR Apartment | Walk to Stadium | Guest Fav,6
name,"Guest Suite, Central City, Christchurch",6
name,Ensuite Room Christchurch (10 mins from airport),6
name,Private overlooking mountain view room,6
name,Secret Garden/ Warm/Cozy/Airport/Private,6
name,Modern Two Storey Stay with Private Patio,6
name,Lyttel West B & B with spa pool,6
name,#3 Timber House in New Brighton,6
name,Great Townhouse in Superb location,6
name,Carterley House,6
name,Modern chic in the city,6
name,Ensuite Room in Riccarton-Walk to mall Shops & Bus,6
name,Affordable Private Sleep-Out Room #1 Own Entrance,6
name,Just lovely 2BR/2Bath Near CBD + Free Parking,6
name,Bright spacious home with stunning views,6
name,"Large double bdroom, near Hagley Pk",6
name,Christchurch Retreat | Sauna + Ice Bath,6
name,"Family Retreat with Spa, Games, and Sunshine",6
name,"Kia Ora。Formosa
哈囉。福爾摩沙",6
name,"Chic, modern, 3 bdrm apartment - Merivale",6
name,Bring it out of the Group Chat - 8 Beds,6
name,Family Perfect! Long Term Bliss.,6
name,3 mins to Hagley Park 3 minutes to Hospital & CBD,6
name,4BR Home Next to Nature Parks mins to supermarket,6
name,City Escape - Christchurch Central Apartment,6
name,2 bedroom apartment- G02/36B,6
name,Romantic Riverside Stay · Walk to City & Dining,6
name,Luxury Ocean View Retreat | Private Beach,6
name,Relaxed City‑Edge Townhouse Near CBD & Beach,6
name,Garden View Room near the Airport,6
name,Stevens House,6
name,Studio 310,6
name,Room in Bright & Sunny Home!,6
name,Ruddenklau Retreat,6
name,Whare iti on Johns.,6
name,Large house with a backyard!,6
name,Seaside Studio,6
name,Quarto  em Christchurch,6
name,The Den on Dudley - modern studio - walk to city,6
name,A Touch of Luxury in CHCH CBD with Free Carpark,6
name,Escape at the park: 1 bed 1 bath w/carpark,6
name,Left-side Private Guest Studio near airport,6
name,The Nest on Whitburn Ave | RM1,6
name,Travelers’ Home 旅行者之家,6
name,Beautiful Balmoral Hill Apartment,6
name,3 bed home with pool table near Westfield Mall,6
name,Cottage by the Sea,6
name,Luxury Private Room in St Albans | Walk to CBD,6
name,No. 9 New townhouse on Armagh|city centre,6
name,Leading Light,6
name,Family 3BR House 10min Airport | Sleeps 6,6
name,City Centre •Walk 2 Town •Parking •300Mbps Wifi,6
name,基督城国际机场附近的民居,6
name,Warm apartment  close Uni/Airport/Riccarton,6
name,What you are Really Looking for!,6
name,CBD 2 Bed 2 Bath + 2 Covered Car Parks,6
name,Luxury CBD 2Bed 2Bath + parking l Guest Favourite,6
name,"Heart of Garden City – 3BR, 3BA, Parking",6
name,Luxury 2BR CBD – Town Hall & Casino | Guest Fav,6
name,Stylish Studio in Central CBD with Free Parking,6
name,Spacious and peaceful guest house,6
name,Kiwi as Bro! Little Sweety!,6
name,7 Min CHC Airport • Private Room • Late Check-in,6
name,"The Glacier Dorm - 8 Beds, Private Space",6
name,Architectural Award winning - Worcester Terraces,6
name,Central Stay | 2BR 2Bath + Parking | Guest Fav,6
name,Exclusive Modern Retreat | CBD l Guest Favourite,6
name,"Sunny Somerfield Flat: quiet, cosy, great area",6
name,Brand New Townhouse - with car park,6
name,Modern house 15 min drive from central city,6
name,Ōraka Homestead,6
name,A Home Away from Home,6
name,Charming Inner-City Townhouse with Carpark!,6
name,Parkside Comfort – 2BR l Guest Favourite,6
name,"Luxury Designer Home | 3 Bed, 3 Bath",6
name,"Te Onepoto lodge Sumner, 151a TM road",6
name,Modern and Central - Christchurch Apartment,6
name,Luxury Room,6
name,Peaceful and warm home with large garden,6
name,"Maison del la Mei, Akaroa",6
name,King street room close to cbd!,6
name,Stunning 4-bdrm home Near CBD With Parking!,6
name,Charteris Bay Getaway.,6
name,Trendy Studio on Ferry Road,6
name,Charming home on Garden.,6
name,Cozy and Convenient Stay on Upper Riccarton,6
name,Luxury 3 Floor Townhome near Casino and Vitoria st,6
name,"Stylish Apartment, 5 mins to City and Hagley Park",6
name,Private single room in stunning contemporary home.,6
name,Calling All Families or Friend Groups - This is it,6
name,Charming Private Room,6
name,Opposite Stadium 2BR CBD with Parking,6
name,City Fringe Value | 1 Bed + Carpark on Cashel St,6
name,Modern Central City Apartment | King Bed,6
name,Luxury and Modern apartment in city center,6
name,One Bed Apartment in Christchurch City Centre,6
name,Your Home With Private Courtyard,6
name,Local knowledge and villa charm,6
name,New Brighton charm.,6
name,Modern Private Room – Ensuite & Walk-In Wardrobe,6
name,Modern great location townhouse!,6
name,Manchester St Modern 1BR Apartment wtih Balcony,6
name,Cosy Central Addington 3bed Home,6
name,Sumner Beach Bach!,6
name,1 bedroom ocean view – 4 guests,6
name,Nestled Above. Serenity & City Views - Sleeps 6,6
name,Twin Room - two single beds - private toilet,6
name,Modern family home in peaceful suburb with spa,6
name,Basic Kiwi Beach Cottage!,6
name,"Boutique Apartment,5 Minutes to Hagley Park & City",6
name,Monck's Bay Retreat - Historic Site,6
name,6min to CBD / Private & Quiet Affordable Apartment,6
name,Sleepout  - Close to Airport & City,6
name,Stylish CBD Studio | Top Location Close To All,6
name,Redcliffs Estuary lookout,6
name,Trendy Central City Studio Stay,6
name,Sheridan and Nespresso - Rest and Rev!,6
name,Airport Retreat: 4BR 8 Guests,6
name,paradise in town 2,6
name,3 min to Christchurch Airport / 2-bedroom house,6
name,Cheap room beside golf course,6
name,Park side ensuite bedroom and balcony,6
name,Modern Manchester St Stay - 1BR with Balcony,6
name,Atlas Quarter high spec One Bed Apartment has lift,6
name,Modern room with ensuite close to CBD,6
name,Choice city location with parking,6
name,Double suite with beautiful harbour views,6
name,Trinity Cottage,6
name,Bridle Path Retreat - modern private luxury,6
name,"Private space, close to airport",6
name,Sumner's Chic Studio,6
name,"Merivale | King Bed + Carpark, Walk to Hagley Park",6
name,Sumner Living,6
name,Stadium Side Sophistication | Luxe 1BR Apartment,6
name,2-Bedroom Townhouse Opposite The Palms + Carpark,6
name,Great Location. Central City Townhouse + Garage,6
name,Holiday at the beach,6
name,Bright and Central Town House,6
name,Room In Christchurch,6
name,Modern Villa,6
name,Absolute Luxury in Strowan - Christchurch,6
name,Electric Ave home base awaits you!,6
name,Willow Retreat,6
name,Loft on London - Apartment in Lyttelton,6
name,City Warm Suite (Free Breakfast) *Free cleaning*,6
name,Seaside Surf Bach,6
name,"Cute cottage with views of sea, city and snowpeeks",6
name,Closest AirBnB Christchurch Airport! 12 min to CBD,6
name,Cashmere Top Notch,6
name,Wow Spacious Apartment CBD,6
name,Self-contained luxury caravan close to Chch City,6
name,Raupo Beach Retreat,6
name,It's All Good In The 'Wood,6
name,1 Bedroom City Base with Free Car Park,6
name,Room in Christchurch (10 mins from Airport),6
name,Central located with access to hills and river,6
name,"5bdrm, Hot Tub, King Beds, Deck, 9 min to Airport",6
name,Ray house,6
name,Chic City Oasis by Stadium & Cathedral,6
name,"Up to 7, handy location, spacious living",6
name,Stroll to the Stadium. 2 bed with reserved parking,6
name,Harbour Views - Akaroa Holiday Home,6
name,Twin room with Sofa / Close to Airport,6
name,King suite with stunning view20 Min from Chch,6
name,Rooms in Christchurch (10 mins from Airport),6
name,Unbeatable Central City Location 2 bed Single lvl,6
name,Affordable Private Sleep-Out Room #2 Own Entrance,6
name,Cottage escape | Hot Tub | Near Christchurch City,6
name,"Beachside apartment, North Beach New Brighton.",6
name,"Urban Nest Explorer: Walk to City, Free Parking",6
name,Peaceful 2Bed2Bath/Parking Close To Colombo St,6
name,Penny lane get away,6
name,CityBeat townhouse near stadium,6
name,Spacious bedroom with private bathroom,6
name,Comfy Central City Stay -2BR with Car Park,6
name,Luxurious and warm central Christchurch base,6
name,Varsity Retreat – Spacious 4-Bed Near UC,6
name,Ginny’s Central City Room,6
name,Groundfloor Waterfront 2Bed Harbour View Apartment,6
name,Fresh sunshine house : close to Airport.,6
name,Charming 2-Bedroom Rose Cottage with Parking,6
name,"The Bubbly Bunks - 8 Beds, Hens Party Vibes",6
name,Ensuite Bedroom Close to Airport,6
name,Fun and Relaxation The Perfect Mix,6
name,Happy house with cat/ dog housemate,6
name,Greendale Retreat in Avonhead,6
name,River view and close to the city centre,6
name,"Own suite of 3 rooms, 5 guests, handy to airport",6
name,Stylish Sanctuary in Governors Bay,6
name,Anchor in Akaroa - Akaroa Holiday Home,6
name,"Riverside Haven: City, Beer&Brew",6
name,Family Beach House – Walk to the Sand in Minutes,6
name,Pet-Friendly Central Christchurch Hideaway,5
name,The Gilded Cross | Luxury 3-Bed CBD Fringe,5
name,The Sunlit Canvas: Bright Modern Home,5
name,Central 2 Bedroom Townhouse with Private Yard,5
name,"It’s a beautiful cozy, sunny and modern house.",5
name,Spacious 2BR Townhouse with Yard Wilmer Street,5
name,Riccarton Family Stay Near Mall & Uni,5
name,Cozy Central City Getaway,5
name,Light-Filled Retreat with Garage & Outdoor Living,5
name,Chic Studio | Christchurch Central | W/D & AC,5
name,Designed to Feel Like Home,5
name,Ensuite Room With Own Entry Close to Airport,5
name,Springfield Stay | Near Hagley Park & Merivale,5
name,"Close to stadium, ensuite room city centre",5
name,Modern Merivale Escape – Prime Location,5
name,1 Bedroom City Retreat at Manchester Street,5
name,Birdsong Appartement near cbd,5
name,Nova - Room,5
name,Central Hereford St Stay Near One NZ Stadium,5
name,Lovely Home in Halswell (near City),5
name,Boutique on Melrose #2,5
name,Boutique on Melrose,5
name,Sunny Family Home •Fully Fenced• Near Merivale/CBD,5
name,Port Hills Basecamp – Scenic Cashmere Stay,5
name,Cozy Apartment in central city Queen Bed+Sofa Bed,5
name,Down the Garden Path,5
name,Charming Centennial Ave House,5
name,Convenient Room in Burnside - Queen Bed,5
name,Ground floor Apartment 1 min walk from waterfront,5
name,Luxury in Merivale,5
name,Sunny South Brighton Retreat | 250m to Beach,5
name,Family Home Near CBD + Garage & Outdoor Dining,5
name,Comfy Ground-Floor Living in Fendalton,5
name,"Luxury homestay 3 rooms, 2 with stunning seaview",5
name,Shubham's Home,5
name,Modern centrally located 2-bedroom apartment,5
name,The Studio Merivale Christchurch City.,5
name,Sherborne Courtyard Retreat –1br with Parking,5
name,Chic and Stylish 1BR Apartment in Manchester St,5
name,"Central apartment next to Cathedral, FREE carpark",5
name,Stylish 2 Bedroom Located In The Central City!.,5
name,"Walk to Stadium, CBD, pools + Accessible+carpark",5
name,Freshly Styled 1 Bedroom in Manchester Street,5
name,Bright &Modern 3- bedroom home,5
name,The Ginaty Suite,5
name,The Metro New York Style Loft Apartment,5
name,Park in the Garage / Walk to the Stadium,5
name,Cozy 3BR Home in Hornby | Games Room | Sleeps 6-7,5
name,"Where Everything Feels Easy, 3BR, 3 Bath, Garage",5
name,nortons road,5
name,Cosy Comfy Home,5
name,Stadium Base + Sunny Courtyard Living,5
name,St Albans Executive Stay,5
name,Self Contained Studio 10 min from City,5
name,From Stadium to Spa in Minutes - Best Location,5
name,Modern 2-Bed CBD Townhouse | Parking Included,5
name,City Fringe Stay + Garage & Sunny Balcony,5
name,Modern 1BR Apartment Manchester Street CBD,5
name,Central Studio Getaway on Bath Street,5
name,"Room to Breathe, Space to Stay, 3BR, 3 Bath",5
name,Private Room with Bathroom | Cozy & Comfortable,5
name,"Stevens House
3BR Home in Hornby ·Clean & Spacious",5
name,Event Base Perfection + Balcony & Parking,5
name,Little Gem in Christchurch Central - Arts Precinct,5
name,The Children's Bay Woolshed,5
name,Vintage Decor Caravan,5
name,"Big House- families and friends, close to stadium",5
name,The Richmond Retreat,5
name,Spacious 3BR Home Near Airport + Free Parking,5
name,City Retreat by Hagley Park – Guest Favourite,5
name,Central City 2BR Apartment – Balcony & Parking,5
name,Beachside Escape – New Brighton Apartment,5
name,City Escape – 1BR Apartment with Free Carpark,5
name,"Stadium Edge, Walk to Te Kaha + Free Parking",5
name,Harbour Views - 5Bed/4Bath - Walk to Beach & Cafés,5
name,Surfside Bach,5
name,Left-side Private Guest Studio-No cleaning fee,5
name,Private Cedar Sauna & Hot Tub Retreat,5
name,"Amazing location and amenities, car park included",5
name,Cosy room in a Beachside Timber Guesthouse #2,5
name,Manchester Executive Stays,5
name,Park View Townhouse + EV Carpark,5
name,Central ChCh | Walk to CBD & Riverside Market,5
name,Stylish Pool House - Pet friendly,5
name,Urban Retreat | Steps from Cardboard City,5
name,CBD Modern loft townhouse with private courtyard,5
name,Saint Asaph Retreat | Walk to the CBD,5
name,Riverside Retreat | Heart of Christchurch,5
name,Walk to Te Pae & Tram | Central Townhouse,5
name,4BR Family Home | Walk to Westfield | Free Parking,5
name,"Templeton tranquility, enroute to ski fields",5
name,"Premium Stay, Walk to Cafés & shopping",5
name,2 Bedroom Suite at Arcadia Motel,5
name,Kimwellross Central Apartment,5
name,Stylish 2BR Townhouse with Balcony near Te Kaha,5
name,Bright Christchurch Apartment with Private Patio,5
name,Urban Escape on Haineswood,5
name,The St Albans Escape,5
name,Private Beach Cottage,5
name,Family home in Lyttelton Harbour,5
name,Hidden Gem Holiday Home in Wigram,5
name,Plush Upmarket Close Hospital  2Bdrm 2 Bthrm,5
name,Beautiful Home near Airport!,5
name,"Rivendell Cottage
Central City
With Parking",5
name,"Coastal Pathway, Butterfly Bungalow",5
name,Modern Central Townhouse With Courtyard,5
name,"Unbeatable Price, Brekky, Close to CBD, Sunny Room",5
name,Riverside Bedouin Hut,5
name,"Comfortable, spacious and affordable.",5
name,1 Bedroom Studio Full Self Contained and Private,5
name,Tree House with Hot Tub,5
name,Happy house with dog housemate,5
name,Bush and birds,5
name,"Bedroom with own Bath, 2Km from CBD/OneNZ Stadium",5
name,A stylish home away from home,5
name,City View - Affordable Luxury Suite. 5k From City,5
name,Spreydon Haven,5
name,"CBD Fringe Spacious  Family, Group& Business Ready",5
name,Stylish 4BR Townhouse · 4 Baths · Free Parking,5
name,Riverside Retreat | Walk to CBD & Terrace,5
name,Amazing views! Only 10 mins drive to Akaroa,5
name,Modern St Asaph Stay | SALT District Favourite,5
name,Luxury on Aynsley - Full House,5
name,Classic Kiwi Bach + Sleepout | 100m to Purau Beach,5
name,Parkview CBD Townhouse • 2 Ensuites •Sunny Balcony,5
name,"Sunny, warm and modern centrally located house",5
name,Victoria Jane Luxury Private Guest House Chch,5
name,Luxury 3-Bed 3-Bath Home Near CBD,5
name,City Fringe Retreat | EV Carpark | Close to CBD,5
name,Luxe Central City Escape | 2 Bedroom with Ensuites,5
name,Coastal Calm Suite | Bay & Walks Access,5
name,Coastal Calm Suite | Sheltered Garden Setting,5
name,Sunny modern family beach house at Le Bons Bay,5
name,2 bedroom townhouse with parking near One NZ,5
name,Peaceful Bushside Room with Queen Bed,5
name,CBD 1BR Parkside Comfort + Free Parking & Lift,5
name,Paradise in the city,5
name,Seabell in South Brighton,5
name,Premium City Townhouse • Park • 3 Beds • 3 Baths,5
name,Valley Escape,5
name,Beautiful & Cozy Room by the Beach.,5
name,Sunrise on Sumner Beach,5
name,Modern 3BR Townhouse + 2 Car Parks | City Centre,5
name,Stadium Stays | Walk to Little High Eatery,5
name,"Self-contained modern studio, independent access",5
name,Clearwater Golf Resort- Guests Hosted By A Member,5
name,Lovely Place to Stay in Christchurch,5
name,The Quiet Pad — Rest Easy. Fly Easy @1/40 Agathis,5
name,"Sydenham 2BR | New Build, Games Room",5
name,Carterley House – Renovated 4BR Home with Studio,5
name,Harbour Views in the heart of Akaroa,5
name,CBD 2BR Townhouse by Hagley Park + Parking,5
name,Budget-Friendly 2 BR Home | Walk to City & Stadium,5
name,Superior Queen Ensuite in City Centre,5
name,Right-side Private Guest Studio-No cleaning fee,5
name,Munroe Heights: park outlook.,5
name,Cosy room in a Beachside Timber Guesthouse #1,5
name,New 3-Bed CBD Townhouse | 2-Car Garage l Guest fav,5
name,Homestay 2 Rooms upstair near Christchurch Airport,5
name,Cosy room in a Beachside Timber Guesthouse #3,5
name,Affordable Room by Golf Course – Christchurch,5
name,Cosy room in a Beachside Timber Guesthouse #4,5
name,Cosy room in a Beachside Timber Guesthouse #5,5
name,Weston Family Escape Spacious & Central,5
name,Luxury/BrandyNew 2 bedroom heart CDB/Free Parking,5
name,"Location, location, location!",5
name,Modern Chic in the CBD | Short Walk to Stadium,5
name,Cozy 1BR Studio with Ensuite – Hagley Park,5
name,Family City Escape – 4BR Home Sleeps 9,5
name,ONE NZ Stadium •Walk 2 Town •Parking •300Mbps Wifi,5
name,"2BR Apartment, OGB, Central, Pool and Parking",5
name,モダンで快適に過ごせるクライストチャーチ中心部の宿,5
name,Smart Stay Quiet Guest Suite • 8-min to Airport,5
name,Awa - Black Hut,5
name,Super host’s Cute cottage-views of Sea city & snow,5
name,Modern 3BR 2.5Bath Retreat|Sleeps 8|Near Airport,5
name,River Precinct Cottage,5
name,City View - Affordable Luxury 5kms From The City,5
name,Charming 2BR Home in Mohua Lane,5
name,Lovely Christchurch 1BR Home,5
name,Your Private Oasis in the Central City,5
name,Cozy guesthouse in casebrook,5
name,City Escape – Christchurch Central Apartment,5
name,Brand new townhouse on Armagh|city centre,5
name,"Spacious Penthouse Private Wing, Sleeps 6",5
name,City Calm Retreat & Family Haven,5
name,New Luxury House in Christchurch,5
name,5BR Retreat – Garden & Deck Near Airport,5
name,Charming Inner-City Townhouse!,5
name,Fresh self contained mini-apartment,5
name,Quiet clean central,5
name,Sunny and warm flat with a view.,5
name,Andover Street Honey,5
name,Mount Pleasant Magic,5
name,Adventure & Relaxation Cozy 3BR Stay with Games &,5
name,#5 Timber house in New Brighton,5
name,#4 Timber house in New Brighton,5
name,Feel at Home in Stylish Urban Accom in Center U8,5
name,Perfectly Cosy Riccarton 2BR Abode,5
name,Private 3 Bedroom Home Perfect for large families,5
name,Convenient central Riccarton sunny room,5
name,Sunny Home Near Westfield And Hagley Park,5
name,4 beds family retreat near mall,5
name,"New, luxurious entertainer-coastal panoramic views",5
name,Sunrise Serenity with Hot Tub,5
name,New Cosy Central City Studio,5
name,Aleon Nestie｜Wigram 5BR House｜ Netflix｜ Sleeps 11,5
name,"Central City Gem, Patio Garden and Garage Parking",5
name,"Room in Ilam, near airport",5
name,Chic Colourful Loft in the Heart of Merivale,5
name,"Central location, 2 queen beds, internal garage!",5
name,Townheart on Hereford - Christchurch Holiday Home,5
name,The little Gem at Merivale close to everything,5
name,"2 bed Escape, Heart of Riccarton w/carpark",5
name,Loft Style City Apartment with Parking,5
name,Small house in Christchurch city,5
name,Stunning 3 bedroom private house,5
name,Warm and Cozy Modern Home,5
name,Charming Studio and 1 BR Retreat in CBD with Parki,5
name,"Coastal Surf Retreat | Bold Style, Peaceful Vibes",5
name,"Large 5 bedroom, 4 bathroom Home in Central Akaroa",5
name,"Home with view over Cass Bay, Lyttelton. Spa pool",5
name,Relax by the beach entire house,5
name,"Homey Christchurch Base – Quiet, Cozy, Convenient",5
name,Kia Ora。Formosa ~ 哈囉。福爾摩沙,5
name,Kiwi as Bro! Little Sweety.,5
name,Leinster Oasis,5
name,"Private, Spacious and Sunny: Stay at Puru's Home",5
name,Entire House in Christchurch,5
name,🤩 The Movie House 🎥,5
name,City view 1-bedroom home with free parking,5
name,Modern Townhouse in Park Setting,5
name,Self Contained Studio 10min from City centre,5
name,Albemarle Villa,5
name,Where Home Meets Serenity in Christchurch,5
name,"Gorgeous Villa, 7 mins from Airport",5
name,"Te Onepoto lodge Sumner, breakfast, spa, L8 chkout",5
name,Sunny Kilmore Apartment,5
name,Brand new bargain price for beauty,5
name,Cozy 2 Bed CBD Retreat By Latimer Square,5
name,Rimu Retreat - Your Home Away from Home,5
name,Modern 2BR Home in Mohua Lane,5
name,Affordable luxury - newly renovated,5
name,"Warm, sunny, modern home",5
name,Luxurious Central City Living,5
name,Room in Aidanfield,5
name,Modern 1BR Apartment on Ferry Road,5
name,"Bright, Comfy 2BR Retreat on Manchester St",5
name,Hackthorne Gardens,5
name,Alison's Garden Cottage,5
name,Modern and Central - Christchurch Apartment&nbsp;,5
name,Brand New Luxury 3 Bed 3 Baths Family Getaway,5
name,CBD 2Bed2Bath By Cranmer Square With 2 Car Parks,5
name,What you're REALLY looking for!,5
name,Elegant Studio Hideaway – Bath Street Living,5
name,The Den on Dudley - modern studio sleepout,5
name,Modern Studio with Balcony – Christchurch CBD,5
name,Parkside Retreat Near Hospital Inside 4 Avenues .,5
name,European feel in Merivale,5
name,1minte to Hagley Park 3 minutes to Hospital & CBD,5
name,Beach Side Retreat and Pottery,5
name,Boutique Stadium Heights  -  Views of the Stadium,5
name,Madras Retreat,5
name,Close to actions Mall Park Arena,5
name,Heart of Our Garden City,5
name,Charming Waterfront Retreat Redcliffs,5
name,Little Melrose Cottage,5
name,🌟Central City Paradise ❣️,5
name,"Family Perfect!
Long Term Bliss.",5
name,Pet Friendly Close CBD & Te Pae Conference Centre,5
name,Luxury Central City Getaway,5
name,Oceanview Luxury 3BR Family Retreat,5
name,Central City apartment - walk everywhere!,5
name,Spacious Sunny Family Home in Akaroa,5
name,"Modern 2BR Townhouse, Walk to Town, Free Parking",5
name,Cosy Apartment - 5 minutes from City Centre,5
name,The Chilean home,5
name,Spacious 2BR House on Mohua Lane,5
name,Kakariki Ecostay,5
name,Unwind and relax amongst stunning native bush,5
name,You Have Found Solace.,5
name,Cozy 2BR House on Mohua Lane,5
name,Huntsbury Views - stunning certified Passive House,5
name,City Two-Bedroom Relax Spa house,5
name,Home from home in Halswell,5
name,Secluded modern rural retreat with coastal views,5
name,City Centre Stay,5
name,Luxury Rest. Central Address. Stay Inspired.,5
name,Cozy Wigram Apartment,5
name,Heart of Christchurch – 2BR at Salisbury,5
name,Cosy and close to the city,5
name,"Private Room Near Airport, Hornby–Quick City Drive",5
name,Serene Getaway: 1BR on Ferry Road,5
name,Eco Living with AMAZING Ocean & Mountain Views,5
name,Cozy 2-bedroom near CBD,5
name,Hot Tub Under the City Lights,5
name,The Salisbury - 2-Bedroom Home,5
name,ChchCentral-kitchenette-NewRegent 800m-TeKaha1.1km,5
name,Hammersley Homestead,5
name,Treetop Retreat - Takamatua Holiday Home,5
name,"City Apartment Steps from city, free parking",4
name,Amazing ever changing views,4
name,Spacious 6BR Family Home + Double Garage,4
name,CBD 2 Bedroom Parkside Living -Free Parking!,4
name,Stadium Heights Christchurch 2 bed Stadium view,4
name,City Stay by Casino,4
name,Bright CBD Twin Studio | Balcony + Parking,4
name,Self-Contained Studio with kitchen/Near Stadium,4
name,Kaioruru View - Diamond Harbour Holiday Home,4
name,Spacious CBD Family Townhouse | Stadium + Parking,4
name,Entire Apartment by Hagley Park  - Free Parking,4
name,298 Home 4BR CBD with Free Parking,4
name,Gatehouse One · CBD · Stadium View,4
name,Luxury And Serene 2 Bed Near CBD With Parking,4
name,Architectural Award winning - FREE parking!,4
name,"Walk to Casino, Te pae & Town Hall • Free Parking",4
name,"Warm and cozy home, 7 Min drive from the Airport.",4
name,"Stylish CBD Retreat – Free Parking, Near Stadium",4
name,Mersey Mews - Brand New 2 Bed Townhouse Near CBD,4
name,Family friendly three bedroom house,4
name,Spacious New City Studio by the Town Hall,4
name,Stylish 2 Bed Retreat Close to CBD With Parking,4
name,"Bee cosy on Hereford, with city buzz minutes away!",4
name,"Central CBD - Stroll to Stadium, Bars & Eateries",4
name,"Cozy 2 BR Close to Westfield Mall, Hagley Prk, CBD",4
name,one bedroom unit,4
name,New 2bed2bath townhouse w/ parking by Hagley Park,4
name,Quiet 2BR •Walk to CBD •Parking •Pet-Friendly Yard,4
name,River Stone Retreat,4
name,Modern City apartment!,4
name,Stadium Walk Apartment | City Centre + Parking,4
name,Luxury CBD Townhouse 3 Bed 2 Bath With Car Park,4
name,Stunning Private Room at Hagley Park,4
name,Christchurch Getaway with Private Yard,4
name,The Moorhouse Loft | Modern 1BR Retreat,4
name,Easy City Living near Christchurch CBD,4
name,Brand New One Bedroom Retreat on Moorhouse,4
name,Christchurch Central,4
name,"Close to Stadium + 2 Parking! 
Superb Location!",4
name,"Spacious Christchurch Home | 2 Units, Hagley Park",4
name,"Restful stay on Geraldine Street
*Suburban Beauty*",4
name,Private Guest House with Pool table near UC,4
name,Champagne - 4 bedroom Villa...,4
name,Stylish City Central Apartment With Free Parking,4
name,City Escape Townhouse - Walk to One NZ Stadium,4
name,Free Parking！Modern 2BR City Centre & Stadium,4
name,ChchCentral-kitchenette-NewRegent800m-Stadium1.1km,4
name,Coastal Sanctuary - Brand New ModernTownhouse,4
name,Ensuite Room Close to the City Centre and Stadium,4
name,Central Luxe Retreat | Double Garage | Balcony,4
name,Tranquil City Haven | 2BR Townhouse + Parking,4
name,Downtown Delight,4
name,Beautiful beach house,4
name,New Tastefully Designed 2 Bdrm 2Bthrm Free Park,4
name,Modern 2BedBath in CBD by Casino with parking,4
name,Central 1Bed1Sofa Bed on Salisbury st,4
name,Kingfisher's Perch - Takamatua Holiday Home,4
name,Harewood Lodge Deluxe Queen Room,4
name,Inner City Sanctuary with Parking,4
name,Riverside CBD Luxury With King Bed! Free Parking,4
name,Harewood Lodge Double Room,4
name,"Stadium, Style, Practicality - carpark included",4
name,The Bealey Villa-Spa Retreat,4
name,Entertainment Galore-3 Bed Family Retreat!,4
name,Lakeside Retreat,4
name,#32 Bruce Waterfront Apartments by AVI,4
name,Te Kaha House! 4BR + Central,4
name,Executive House - Huntsbury Hill,4
name,Relax in this modern and cozy two-level townhouse,4
name,Quiet Townhouse with Private Sauna,4
name,Stylish 2BR Townhouse in Prime Location,4
name,Te Kaha Stay | Sleeps 3 |,4
name,Rose Cottage. Central City. Free Parking.,4
name,3 BRM Townhouse 5 mins drive to CBD - free parking,4
name,Garden Rm: Book Two Bdrms When 3-4 Travel 2gether.,4
name,Modern Comfort in Central Christchurch,4
name,Central Comfort; Modern Townhouse Free Parking,4
name,Central Apt | Walk Te Pae + Parking,4
name,"City Lights, Stadium Nights & Free Parking",4
name,Lovely 1 Bedroom Apartment Opposite Hagley Park,4
name,Beachside apartment New Brighton,4
name,Alps n'Ocean (Room 1),4
name,City Centre Class with Free Parking,4
name,City Escape in the Heart of Christchurch,4
name,Luxury Townhouse | Garage | Arcade | Pets OK,4
name,"Stylish City Apartment - Coffee, Bars & Sunlight",4
name,City Comfort with Carpark - Walk to Hagley Park,4
name,Convenient Family Home Near Airport And Uni,4
name,Prime central city location | 2BR Apartment,4
name,Relaxed luxury designed for comfortable stays,4
name,Peaceful  4 Bedrooms Family Home Close To Airport,4
name,Harewood Lodge King Single Room,4
name,New Central City Apartment,4
name,"Central Studio – Modern, Quiet & Private",4
name,MSQ apartment near by Te Kaha Stadium,4
name,Elegant Apartment on Hagley Park,4
name,Beach-side Executive Home,4
name,Garden Cottage - Easy Access with Pond View,4
name,Beautiful tidy flat with walking distance to CBD,4
name,Close to City & Beach: Modern Home with Garage,4
name,"Sunny 2 Bed Home By Westfield Mall, Free Parking",4
name,Quiet Peaceful Rest in Casebrook near Airport,4
name,Ilam Art Deco · courtyard · 7 min to UC,4
name,Azure Soar - UC&Riccarton - Private Bathroom Room2,4
name,Plush Upmarket close Hagley Park 2Bthrms 2 Bthrms,4
name,Azure Soar - UC&Riccarton - Private Bathroom Room6,4
name,"Luxury 3-Bed, 2-Bath CBD Townhouse + Car Park",4
name,"Warm, Welcoming Close to town",4
name,1920s character Bunglow,4
name,Stylish City Fringe 2 Bedroom House,4
name,The Gilded Cross - Luxury CBD 3 Bedrooms,4
name,Spacious 5BR 2BA 2LR plus sleepout Family Home,4
name,Governor's Bay Paradise,4
name,Bishop Charm,4
name,Lyttelton Apartment Harbour Views + Walk to Cafés,4
name,CBD Luxury 3 Bed 2 Bath Near Riverside Market,4
name,Coastal Calm | Two Suite Coastal Retreat,4
name,Woodills Wonderland - Akaroa Holiday Home,4
name,Coming soon! Brand New City Apartment (206),4
name,#6 Jacques Garden Apartments by AVI,4
name,Harewood Lodge Deluxe Twin Room,4
name,Beautiful home superb harbour & surrounding hills,4
name,Serene And Modern Haven Close To CBD And Mall,4
name,Contemporary Comfort: 2-Bed Townhouse Close To CBD,4
name,LUX NEW CBD Retreat - 2Bed2Bath With Parking!,4
name,Steps to One New Zealand Stadium & CBD | WFH Space,4
name,Sunny One Bedroom Apartment,4
name,"Waimairi Beach, a delightful sanctuary to relax in",4
name,Akaroa Walnut Retreat 2024,4
name,A Touch of Luxury in CHCH CBD,4
name,Luxury 2 Bed Townhouse In CBD With Free Parking,4
name,Luxury 2 Bed Near ARA/Stadium and CBD With Parking,4
name,The French Cottage,4
name,Luxury City Pad Near Riverside Market Free Parking,4
name,Relax In sawyers arms,4
name,Stylish Stadium View 2 Bed Townhouse In CBD,4
name,paradise,4
name,Off-Grid Tiny-House Escape - Manu Waiata,4
name,Stylish City-Central Apt | Free Parking,4
name,Beachside Bliss - Redcliffs,4
name,Parkside Convenient Living - Close to Westfield!,4
name,Modern 2 Bed 2 Bath Opposite Hagley Park,4
name,Inner City Central location,4
name,Modern & Cozy 4BR Home,4
name,City‑Fringe Private Room – CBD & ARA Vicinity,4
name,Sleep-out bedroom in Sockburn,4
name,CBD New 2 Bed 2 Baths By Hagley Park With Parking,4
name,"Private En-suite, Sunny 2nd Floor, Near Westfield",4
name,"Akaroa Harbour Views | Deck, Cosy Fireplace",4
name,Coming soon! Brand New City Apartment (203),4
name,Bantry Lodge Cottage,4
name,4BRM brand new family house in Halswell,4
name,Hidden Gem of Christchurch - Sleeps 12,4
name,"Sydenham 2BR | New Build, Parking, Games Room",4
name,Always welcome with peace,4
name,Modern Townhouse in Central Addington,4
name,Beautiful Room with a shared bathroom,4
name,Brand New Urban Oasis Sleeps 6 l Spreydon,4
name,"Cosy Comfy Room, Wi-Fi, Queen Bed + Close to CBD",4
name,Sunny 3BR • Sleeps 6 • Parking • Bikes • 2km City,4
name,A Stay You’ll Actually Want to Come Back To,4
name,Cosy Modern Home: New Build in Christchurch,4
name,Studio with native garden views,4
name,Cute And Convenient Studio Near UC And Airport,4
name,"""Urban Retreat: 2-Bedroom Haven near City Centre""",4
name,Magnificent Family Retreat By Hagley Park and CBD,4
name,New townhouse minute walk to CBD,4
name,SkySuite - CBD Luxury 2 Bed Apartment With Parking,4
name,Breakfast. Coffee machine. Own bathroom. Riccarton,4
name,Stadium Walk Townhouse | Private Patio + Carpark,4
name,Space to relax & chill - 7 Night deals,4
name,G-House 3BR CBD with Free Parking/基督城市中心独栋3房带车位,4
name,CBD 5 pax | Walk Te Pae & Stadium + Parking,4
name,City Center. 6th floor. Spacious apartment,4
name,Wigram 5BR Home • Sleeps 12 • Family Friendly,4
name,Airport Haven CHC,4
name,Family & Friends | Spa • Games • Central,4
name,Spacious and Private,4
name,基督城现代超大套房｜近机场与Avonhead Mall｜独立出入｜私密办公健身空间,4
name,"Hop, Skip & Snack – Walk to Airport Stay",4
name,"Warm quiet room, close to the airport",4
name,Family Friendly Home -Sleeps 7-Near Airport & City,4
name,Papanui Southarora House,4
name,Family Three Bedroom - Two Bathroom Gated Carpark,4
name,Classic Villa Close to CBD.,4
name,Stylish 2 Bedroom Located In The Central City!,4
name,Classic 1861 Villa 6kms from Central Christchurch,4
name,Affordable 3 Bed - 10 mins from Malls & Beaches,4
name,Hidden Oasis in North New Brighton,4
name,Comfy 2 Bed House By Westfield - Free Parking,4
name,Coastal 1BR Retreat – Steps to New Brighton Beach,4
name,Beach Bach in Southshore,4
name,Seaside Escape at New Brighton with Carpark,4
name,Seaview 1BR Apartment Marine Parade,4
name,Large home near forest/beach,4
name,City Escape - Near New Brighton Beach & He Puna,4
name,Stoked On Sumner,4
name,Guest Favourite l Spacious 4BR Near Airport,4
name,Midnight Haven New build 3BR Near Airport +Garage,4
name,Beautiful House near Airport!,4
name,"Parkside Retreat w/ Spa Pool, Mini Golf & 85"" TV",4
name,Central Christchurch Retreat | Premium 2BR 2BA,4
name,Stunning new built private room ONLY,4
name,Maison de Mei / French-Inspired Sea View Apartment,4
name,Cosy Room in Artist’s Central Home by the Stadium,4
name,"Inner City Stay, Walk to Te Kaha + Free Parking",4
name,Luxury Hagley Park Townhouse | Office Setup,4
name,Spacious and Tranquil 4 Bed House Near UC,4
name,Stadium Walk Townhouse + Outdoor Dining,4
name,Luxury 3-Level Townhouse by Te Kaha Stadium,4
name,Harewood Lodge Room 6,4
name,Central Stay Studio | Walk to Hagley Park,4
name,Harewood Lodge Room 8,4
name,Central Home - Free E-Scooters!,4
name,Stunning beachside beauty fully furnished,4
name,3 Ensuites 2 mins walk to the Stadium FREE parking,4
name,St Albans Luxury Stay,4
name,Modern city home near supermarkets,4
name,Spacious Bath Street Two Bedroom Retreat,4
name,Central Moorhouse Escape | Stylish 1BR City Stay,4
name,"Prime stadium location - City, balcony park views!",4
name,Luxury King Studio with Spa and Private Carpark,4
name,"Warm, Modern, Convenient Central City location",4
name,Peaceful City Apartment | Parking+Near Hagley Park,4
name,Modern Christchurch Getaway,4
name,Central Townhouse + Free Parking on Armagh,4
name,Private Room - Central City Pad,4
name,Enjoy cleanComfortable room with private bathroom,4
name,2 beds 2 baths 2 Mins Walk to ONE NZ Stadium,4
name,Luxury 3 Bed Townhouse By Hagley Park With Garage,4
name,Room in Bright & Sunny Home! + Parking,4
name,Free Parking! Welles St City Haven,4
name,"Near the New Stadium + Parking! 
Superb Location!",4
name,Garden City Townhouse | Balcony + Te Pae Walk,4
name,"Single Level, Studio Retreat, in Bath Street",4
name,The Moorhouse Hideaway | Modern 1BR City Retreat,4
name,Luxury 2 Bdrms Townhouse in the CBD - Stadium View,4
name,Urban Retreat on Moorhouse | Cozy 1BR Stay,4
name,Downtown Delight 2 bed 1 bath - Single Garage,4
name,Modern CBD Stay | Parkside + Balcony,4
name,Modern Moorhouse One Bedroom Retreat,4
name,Luxury CBD 2Bed2Bath With Parking Near Parks,4
name,Spacious 2BR City Stay Near Christchurch CBD,4
name,Central Christchurch Base for Your Stay,4
name,Warmth of Warrington,4
name,Entertaining 2 Bed CBD Townhouse By Little High,4
name,Modern CBD Central Stay - Hagley Park + Balcony,4
name,Incredible getaway by Hagley Park!,4
name,City Fringe Stay with Easy CBD Access,4
name,Family Stay Townhouse | EV Charger + Hagley Park,4
name,Twin Room in Garden City Christchurch,4
name,Serenity at Richmond Ave!,4
name,Convenient Apartment Near Christchurch CBD,4
name,#23 Bruce Waterfront Apartments by AVI,4
name,Beachside Shack and hot tub,4
name,Luxury City Pad Steps from Hagley Park,4
name,Perfect Summer escape,4
name,Serene 2BR Retreat very near to Te Kaha Stadium,4
name,"Stylish Apartment in City Centre, 5 Star Reviews",4
name,The Light House LIFE IS GOOD,4
name,Heart of Christchurch • Cosy Studio,4
name,Beachside Townhouse with Courtyard & Garage,4
name,Parkside Convenience – 1 BR Near Westfield,4
name,Inner City Gem By Latimer Square,4
name,Ensuite Room With Own Entry in Bryndwr,4
name,Walk to Stadium · CBD 2BR 2Bath + Free Parking,4
name,"Top‑Floor Central Apartment - Sunny, Quiet, Balcon",4
name,Central CBD Luxury 2 Bed Bliss By Townhall/Casino,4
name,"2BR Apartment, OGB, Central, Pool",4
name,Hillview Hideaway – Cashmere,4
name,Beautiful Hagley Park view apartment in CBD,4
name,Cosy Bungalow in the heart of Fendalton,4
name,Little Gem Retreat — Luxury Stay Near City & Shops,4
name,Parkside Retreat - 3 Beds/Sleeps 6 Near Westfield,4
name,Stylish CBD Retreat with Free Parking,4
name,Cute townhouse close to the city,4
name,"Waimari Waves
Your own private ground floor space",4
name,Cosy Room in Central Town House,4
name,Boutique Waterfront Apartment,4
name,Modern Private Ensuite Room – Christchurch,4
name,Armagh Executive Stays,4
name,Cosy room in city,4
name,Central Christchurch One Bedroom Apartment,4
name,The BEST view at special summer rates,4
name,Chic and Comfy 1 Bedroom in Manchester Street,4
name,CBD Studio | Walk Te Pae & Stadium + Parking,4
name,Stylish Christchurch Townhouse - Walk to Stadium,4
name,Harbour-view haven - with large garden. NEW 17/12,4
name,"Pet Friendly Central apartment, close to stadium",4
name,Garden Rm: Book 2 Bdrms if 3-4 Travel 2gether.,4
name,FS Home stay,4
name,City Fringe Townhouse | Deck + Free Parking,4
name,"Modern Gem – Clean, Fresh & Central House for Rent",4
name,Sun-Drenched Queen | WiFi | Quiet | Full Kitchen,4
name,CBD Fringe Standalone 2Bed2.5Bath With Parking,4
name,Modern Queen Room | WiFi & Full Kitchen | Quiet,4
name,Coastal Family Retreat | Spacious 3BR Escape,4
name,East gate mall walking distance.10 minutes to city,4
name,Yurt in the Woods,4
name,"Madras Street #B Gem – CBD, Cafés & Comfort!",4
name,Breezy Beachside Haven - Brand New Retreat,4
name,Beckenham Bungalow,4
name,Dual key Property | Heart of Christchurch CBD,4
name,Relaxing Christchurch Base near the CBD,4
name,Central Family Townhouse | Baby Friendly + Parking,4
name,Minimalist City Stay - Manchester Street,4
name,Spacious 5 Beds. 2 Bathrooms. Amazing Views.,4
name,"Maison de Armstronge, Les Troupes #3",4
name,Peaceful Akaroa retreat for couples & solo stays,4
name,Seaclusion - Great for Multigenerational Families,4
name,"Modern, Stylish CBD 2 Bed Townhouse With Parking!",4
name,"Tiny House w/ Views, Akaroa NZ",4
name,Teeming House/Family Home near Airport,4
name,Rooftop tent for your roadie!,4
name,Secret Garden/Spacious Home near Airport,4
name,New Central City Apartment With Lock Up Garage,4
name,Garden Living Near Hagley Park + Large Parking,4
name,Temporary room available,4
name,Stylish 2BR in Merivale | Quiet Street near CBD,4
name,The Poolhouse on St Albans- includes private spa.,4
name,Wake Up To The Sound Of The Ocean - New Townhouse,4
name,Stylish Riverside Home by Park. 8 mins to City Ctr,4
name,Grand 5BR Villa in Fendalton - Walk to Hagley Park,4
name,Tranquil 4 Bed Family Retreat 5Min To Airport,4
name,Cosy And Stylish Single Level 2 Bed Home Near CBD,4
name,New Brighton Beachside Stay | Near He Puna Pool,4
name,Coastal Living Two Bedroom Marine Parade,4
name,Beachfront Stay with Balcony & Ocean Views,4
name,Lyttelton Harbour Views | Shops & Cafés,4
name,Paradise Point,4
name,The Calm Cove,4
name,Relax in Redcliffs,4
name,"Riccarton Family Home | 3BR, Backyard & Garage",4
name,Azure Soar - UC&Riccarton - Private Bathroom Room5,4
name,Queen Room in Shared home,4
name,Azure Soar - UC&Riccarton - Private Bathroom Room1,4
name,Cosy Single Level 2Bed2Bath House By UC Campus,4
name,Azure Soar - UC&Riccarton - Private Bathroom Room4,4
name,Modern Studio with WIFI & Full 50+SKY TV channels,4
name,Private Sanctuary with City Views!,4
name,Brand new 2 bed ocean view!,4
name,Comfy Family Haven by Waltham Pool,4
name,"Spacious Home Close to City, With Free Parking",4
name,The Black Hut,4
name,By the beach and restaurants King Bed Comfort,4
name,Coastal Retreat Family Home | Sea Views + Parking,4
name,Georgian Retreat! 3 Bed Townhouse In CBD With Park,4
name,The Bach that Rocks Southshore,4
name,Stylish Room in Sumner • Walk to Beach,4
name,Amazing sea view in self contained Apartment,4
name,One double bedroom near airport,4
name,Comfort stay in a private room.,4
name,Best of all worlds Beach & City Single to Double,4
name,Stunning new built townhouse,4
name,Corsair Bay Beach House,4
name,Peaceful 4BR stopover | Affordable 5 single beds,4
name,Walk to WolfbrookArena 2 beds with car park,4
name,Stadium Edge EV Townhouse Addington,4
name,Seaside Single-level New Studio,4
name,Convenient 1Bed Studio with Ensuite By Hagley Park,4
name,Family Home w/ Garage & EV - Walk to Hagley Park,4
name,Cashmere Splendour,4
name,Riviera in Central Christchurch,4
name,Peaceful 2BR Escape | Walk to Bus |Family Friendly,4
name,Warm Central Townhouse | Walk + WiFi + Parking,4
name,Ultimate Group Stay | 2 Stylish Apts by Stadium,4
name,Central Christchurch Sweet Home,4
name,Modern Studio | Christchurch CBD | Self Check-in,4
name,City central 1 bed apartment/townhouse,4
name,Stadium Stay l 2 bed 2 bath l Sleeps 6 I Parking,4
name,CBD Edge - 2BR Home with Balcony Sleeps 4,4
name,Shares house in the CBD,4
name,Latimer • 250m to Stadium + Secure Carpark,4
name,International Bella Room near CBD,4
name,City Centre Modern Townhouse + Free Parking,4
name,CBD Urban Oasis Family Retreat By Stadium!5 Beds!,4
name,CBD Stay Apartment| Parking+Walk to One NZ Stadium,4
name,Brand new 2 bedroom  near Northlands Mall and CBD,4
name,Stylish City Stay + Parking & Balcony,4
name,Globe Bay Star,4
name,Penthouse apartment overlooking the park,4
name,GOOD VIBES | Soak • Connect • Play,4
name,Clean new build with friendly roommates,4
name,"* 1 mins Walk to Town Hall, free car park",4
name,"House by nature area, set up to feel at home",4
name,Guest house on Shamrock,4
name,Inner City Apartment with EV charger & Parking,3
name,The BEST view at special winter rates,3
name,Enjoy Contemporary Urban Living in the Centre,3
name,Large townhouse near City Centre! On-site parking!,3
name,Uptown City Haven - Christchurch Townhouse,3
name,Deluxe two bedroom unit,3
name,2BDR. Riccarton. FREE Carpark,3
name,Sumner Esplanade Seaside Escape,3
name,Garden Rm: Enquire/Book When 3-4 Travel Together.,3
name,Unwind in Stylish New Accom in Bustling CHCH U3,3
name,"Carlton Ritz, Central BUT Green and Quiet",3
name,Brand New stylish Two bedroom townhouse in CBD,3
name,A lovely modern home in Akaroa New Zealand,3
name,Room by the golf course with ensuite and spa,3
name,Sunny and cozy double bedroom waitting for you!,3
name,Stylish CBD Apartment | Walk to One NZ Stadium,3
name,5 mins walk 2 WolfbrookArena 2 BR onsite parking,3
name,Close or near to Christchurch Airport,3
name,Beachside Bliss @ Waimairi Beach,3
name,A charming house on Montreal,3
name,Group Getaways Made Easy – Central CHCH | Unit 7,3
name,CBD Family Retreat by Stadium – Sleeps 8,3
name,"Central, cosy & spacious",3
name,Farmhouse at the bay.,3
name,City Town House,3
name,Contemporary City Stay with Wellness Access,3
name,Spacious 5BR House on Athol Terrace,3
name,Luxury 2BR CBD Apartment Walk to Convention Centre,3
name,2 Bedrooms & private bathroom 10 mins from Airport,3
name,Serene family home near Airport and Uni,3
name,Modern One Bedroom Stay on Bath Street,3
name,"Impeccable Style, Exceptional Views! Pool + BBQ",3
name,Stay Central | 3BR + 3 Baths + 2 Secure Carparks,3
name,Sunny private room with bathroom,3
name,Onuku Peace,3
name,"3 brm house, short or long-term stay.",3
name,Next to the NEW Stadium! Location! Location!,3
name,Sunny Family Home on Garden,3
name,"Port Levy, Amazing Views Christchurch",3
name,Yurt in the Woods -,3
name,Luxurious tranquil 3 bedroom home in culdesac,3
name,Two 2bdr Apartmt near City Center with Parking.,3
name,Quiet Oasis by Hagley Park-Garden View with Patio,3
name,Stylish 2BR Townhouse with Yard near Te Kaha,3
name,"Peaceful, Private Oasis in Sumner",3
name,CBD Comfort & Style – Walk Everywhere | Unit 4,3
name,Foley Towers BBH,3
name,Central City Townhouse,3
name,Find Your Modern Oasis in the Heart of City,3
name,Family home with amazing harbour views,3
name,Modern and comfortable,3
name,The Welles Residence – Central City Suite l 1 bdrm,3
name,Modern and Spacefull Caravan in Ōtautahi,3
name,"5 Star Home, urban oasis near ChCh Airport",3
name,MM Villa - Christchurch Holiday Home,3
name,Free carpark & perfect city centre haven,3
name,"Scandi Hideaway, Sauna, Parking, Near Sumner",3
name,Modern 2 Bedroom home - Marshlands!,3
name,Modern Christchurch Stay | Close to Stadium & CBD,3
name,"Apartment with sole use of indoor pool, spa, sauna",3
name,Great for Family Stays - 10 Minutes to Airport,3
name,Central City - Atlas Quarter,3
name,Home in Christchurch & lovely neighbourhood,3
name,The Sunny Lounger,3
name,The Moa's Perch,3
name,5 Minutes Airport 4 Bedrooms 8 Guests,3
name,Unique central city standalone home with parking,3
name,City Fringe luxury with pool and spa,3
name,Indulge in New City Accom with All Amenities,3
name,Quarters on Avon,3
name,spacious villa warm and secure,3
name,Stylish CBD Townhouse | 10 Min Walk to Stadium,3
name,Free carpark & stunning city apartment,3
name,Room Lower Cashmere gateway Port Hills Playground,3
name,Beautiful Home w/Parking | 5 min to One NZ Stadium,3
name,Beautiful Villa w/Parking | Near One NZ Stadium,3
name,Cozy Town House - Walk to Wolfbrook Arena,3
name,King beds | Elevated Comfort | City Centre,3
name,Beautiful House w/Parking | 5 mins to Airport,3
name,Modern Retreat | Spa Pool | Walk to Park & City,3
name,Stadium Side Boutique Apartment,3
name,Elegant One Bedroom Retreat with Shared Sauna,3
name,Stylish Art Loft with New Spa & Soaring Ceilings,3
name,Spacious Hornby Home | Sleeps 8 | Garage & Yard,3
name,Comfy 3 Bedroom in CBD-Free parking,3
name,Drifter Bunkhouse Sleeps 4,3
name,Comfortable City Escape with Shared Sauna,3
name,Modern City Apartment near South city,3
name,"Spacious Ground-Level Studio, Central Christchurch",3
name,Central AcrossStadium | WFH setup | FullyEquiped,3
name,Riverside Studio -  Christchurch City Centre,3
name,"Walk to One NZ Stadium, Te Pae + Secure Parking",3
name,Studio with Balcony — Heart of Central CHCH,3
name,Stylish Private Escape for Two • Christchurch CBD,3
name,CBD Apartment + Secure Parking | Walk to Stadium,3
name,"Family Oasis | Pool, Spa & Playground Next Door",3
name,Character townhouse with pooch,3
name,"Private, own entrance, guest suite",3
name,Beautiful Haven Near Airport!,3
name,Corporate Studios designed for your comfort!,3
name,Discover the comfortable Corporate Twin Studio,3
name,Experience seamless economy in the Standard Studio,3
name,"Stand alone, cozy, pet yes, home Near Merivale/CBD",3
name,Self-contained Sleepout w. Ensuite & Kitchenette,3
name,House of Boom 2|Bedrooms,3
name,"Homely Double Room, Free Breakfast & Parking",3
name,Stay in a Sleek Apartment in the Heart of CHCH,3
name,Akaroa harbour view studio: stylish light & clean,3
name,Guesthouse on Gardiners,3
name,Corner No.9,3
name,Sauna & Spa Escape | Walk to Stadium | CBD,3
name,Luxury/BrandyNew 2 bedroom heart CDB/Free parking,3
name,CBD Apartment | Secure Space + Free Parking,3
name,Cosy Modern 2 Bedroom Haven with car space,3
name,"Cozy Queen Room, Free Tea Coffee Milk& Parking",3
name,Brand new Prime Riccarton | Walk to Mall,3
name,"Comfortable apartment, great location.",3
name,Spacious one bedroom apartment - Close to Airport!,3
name,Come together in Christchurch,3
name,Stylish Bath Street One Bedroom Retreat,3
name,CBD Luxury | Queen Bed + Parking l Guest favourite,3
name,The Fantail Nook - Modern with Stunning Views,3
name,Suite with a modern bathroom near mall,3
name,Brand New Modern 2BR Home U7,3
name,Cinema. Parking. GamesRoom. 6 ensuites. Central,3
name,Private 1BR retreat - easy walk to the city,3
name,Comfy | Cosy | 10 minutes walk to One NZ stadium,3
name,Penthouse Suite,3
name,Luxury City Escape | Steps to Te Pae,3
name,Staduim View Retreat On Barbadoes,3
name,Central CBD | Carpark | Walk to Stadium | Sleeps 4,3
name,Christchurch Character Home Strowan,3
name,Separate container house. Come with kitchen bathro,3
name,"7 mins from City, 2 mins to shops. Peaceful, Gated",3
name,Panoramic Sumner Views | Coastal Retreat Sleeps 8,3
name,Architectural Coastal Retreat • Sumner,3
name,"River Room: The Tannery, Ferry to Diamond Harbor",3
name,Brand New Beachside Suite,3
name,Pōhue PurePod,3
name,Holiday in a Paradise,3
name,"Sunny Family Home• 3 BDR, Log Burner, Full Kitchen",3
name,Unwind in Stylish New Accom in Bustling CHCH,3
name,"Drifter Bunkhouse Ensuite, Sleeps 4",3
name,Spa & Games | Family & Friends | Warm Winter Stay,3
name,Cosy room with own bathroom near mall,3
name,Stylish & Close to City Centre,3
name,Home at Sumner Beach,3
name,Central Christchurch Apartment-Free Parking,3
name,Banks cottage |6 Sleeps | Free Parking,3
name,Beautiful Home w/Parking | Easy Airport Access,3
name,A home away from home.,3
name,"Sumner, Lush 2 bdrm Downstairs Apt w Private Pool",3
name,Refined Retreat holiday house,3
name,"Perfect for families or groups, two bed apartment",3
name,"Urban Escape Modern 1BR | Spa, Sauna & Cold Plunge",3
name,"Luxury 2-Bed, 2-Bath CBD Townhouse + Car Park",3
name,Walk to CBD&One NZ Stadium | Pet Friendly Twnhouse,3
name,"Peaceful, Private Oasis near Sumner Beach",3
name,Character Loft Studio with Private Spa,3
name,Seagulls n Surf,3
name,Christchurch Family Accommodation - 2 BR House,3
name,Beachside appartment,3
name,"Luxury Wellness Retreat
-Gateway to Akaroa-",3
name,Modern 3BR Retreat - Private Patio - Sleeps 6,3
name,Beautiful Villa near city with Pool,3
name,Cosy | Queen | 10 minutes walk One NZ stadium,3
name,Family Friendly Home near Fitzgerald Ave + Garage,3
name,Lovely views. 2 double rooms +,3
name,Spacious 4BR Family Home | Near Airport | Parking,3
name,3BR/4BA Townhouse • Sleeps 7 • Parking • Games,3
name,Cosy | Double | 10 minutes walk to One NZ stadium,3
name,The Hawkshead Sanctuary,3
name,Cosy | Queen | 10 minutes walk to One NZ stadium,3
name,Quirky | Double | 10 minutes walk One NZ Stadium,3
name,Peaceful CBD Stay - Hagley + Hospital + Garage,3
name,Sherborne Courtyard Retreat 1br with Parking,3
name,Hagley Park Base | Parking + EV plug-in,3
name,Christchurch 1BR Stay with Outdoor Space,3
name,Comfortable City Fringe Townhouse With Carpark,3
name,Cosy | Double | 10 minutes walk One NZ stadium,3
name,Cozy & Stylish Central City Retreat,3
name,Immerse Yourself in Contemporary Retreat in CBD,3
name,CBD Townhouse | Walk to Stadium & Tram,3
name,Feel at Home in Stylish Urban Accom in Center,3
name,THe Meadows Villa,3
name,House in Christchurch,3
name,High Roller Luxury Casino Suite & Hot Tub,3
name,"Central CBD | Walk to Te Pae, Stadium + Parking",3
name,Garden Peace in Spreydon,3
name,The Moorhouse Nook | Cozy 1BR City Retreat,3
name,Urban Haven on Moorhouse Avenue,3
name,Relaxing One Bedroom Escape with Shared Spa,3
name,"A place close to One NZ Stadium, Parakiore Center",3
name,Brand New Apartment & Close to One Stadium (203),3
name,Sunny 2BR City Pad Free Parking + Walk to CBD,3
name,Urban Hideaway on Moorhouse Modern 1BR Stay,3
name,Cosy City Stay with Shared Sauna Access,3
name,"Binge, Chill & Snooze Pad",3
name,At the central of Halswell,3
name,Spacious Double Room in Papanui,3
name,"LUX inner city, apartment with stunning park views",3
name,Elegant One Bedroom Christchurch Stay,3
name,New Central Christchurch Apartment | Walk to CBD,3
name,Stylish 1BR Stay on Moorhouse Avenue,3
name,Ensuite room near City2Seapath,3
name,2 bedroom stadium apartment with car park,3
name,"Stylish Apartment in CBD, Walk to Stadium",3
name,Mona garden Luxury 4BR Retreat with hot tub,3
name,3BR Family Cottage | warm and central,3
name,Stylish 3BR CBD. Walk to Parakiore + Hagley Park,3
name,Beautiful Studio w/Parking | Near CBD & Port Hills,3
name,House of Boom 3|Bedrooms,3
name,Christchurch City Townhouse,3
name,3 Bed 2.5 Bath Riccarton W/Games room,3
name,Walk to Everything •1 min to Stadium •Free Parking,3
name,2BR in Salisbury with Garden Retreat,3
name,3BR City Home with Courtyard,3
name,Beautiful House w/Spa Pool & Parking | Near CBD,3
name,Warm & Cosy Airport Apartment - Self Check-In,3
name,SEAS THE DAY | Ocean Views • Sauna Retreat,3
name,Papanui Oasis Entire House,3
name,Warm Cosy Quiet Home Semi Rural,3
name,Family room. Near city centre.,3
name,Peaceful Upstairs Bedroom,3
name,Sumner beach Art house,3
name,Tranquil Coastal Escape in Diamond Harbour,3
name,The Beach Bach at Le Bons Bay,3
name,Spacious Hornby Stay | 3BR | Sleeps 8 | Garage,3
name,Bottle Lake En-suite. Warm/Private/ 12pm checkout!,3
name,Garden City Hideaway,3
name,"Rare Find, City Townhouse with 4 Car Parks!",3
name,Comfortable Private En-suite near OneNZ Stadium,3
name,Your home away from home,3
name,Christchurch 4bdrm close to Hagley Park -Riccarton,3
name,Stones Throw From the CBD + Hot Tub,3
name,Architectural Lux ‘Black Hut’ Near Stadium & River,3
name,"City Living, Parkside Peace",3
name,Stunning retro apartment.,3
name,"Triple-private entrance, balcony and kitchenette",3
name,Garden suite in villa home,3
name,30m² Tiny Home w/Parking | 5 min to One NZ Stadium,3
name,Quiet sleepout close to airport and University,3
name,Sun Drenched Beach Sanctuary- New Brighton,3
name,Private Ensuite Room|WIFI | Free parking,3
name,"Sydenham Villa, 20 min city on foot +Parking",3
name,"The Summer House - Views, Hills, Close to City",3
name,Cozy Stay Near Halswell Quarry Park and Train Park,3
name,Private Cottage in Christchurch,3
name,Single room,3
name,"Garden Studio, close to city, private & welcoming",3
name,The Beautiful Trio – 3 Homes For One Group,3
name,Home on Hereford,3
name,Central Akaroa Retreat – Balcony & Parking,3
name,3 bedroom Family home in Lyttelton Harbour,3
name,TRANQUIL AND RELAXING RETREAT........,3
name,Modern CBD Parkview Townhouse with Stadium View,3
name,"Comfortable room, with feline company.",3
name,"Homely Queen Room
Free Breakfast & Parking",3
name,Modern Retreat - Located Close to Everything,3
name,Riverside Retreat on Terrace,3
name,Lavender Cottage - 2Bed City Fringe Retreat,3
name,Large living and coastal escape - 2 min to beach,3
name,Modern CBD Retreat | Walk Everywhere,3
name,Room with Spa and EV charging,3
name,Grand 5BR House on Athol with Garden and Balcony,3
name,Brand New Christchurch City Apartment by Stadium,3
name,Enjoy a stylish experience,3
name,Guest Room near City Centre,3
name,CBD Luxury | King Bed + Parking l Guest favourite,3
name,"Modern City Retreat with Pool, Gym & Free Parking",3
name,A Million City Views - Sleeps 12,3
name,Brand new and convenience in CBD,3
name,"Hostel prices, sunny room, breakfast, close to CBD",3
name,Spacious New 1 Bed Close to Airport And The Hub!,3
name,Stay Memorial - Lovely townhouse,3
name,Private home in Northwood,3
name,Kaioruru View – Diamond Harbour Holiday Home,3
name,Modern CBD Stay – Perfect for Groups | Unit 6,3
name,Contemporary 2BR Stay for 6 with Private Patio,3
name,*Family Reunion *Sports Group! 4BR Warm & Spacious,3
name,Beach 2BedGarage Sleeps 6 View Sea Hotpools & Pier,3
name,Million dollar views in beautiful Diamond Harbour,3
name,"Private, Self Contained & close to City",3
name,Great Value Stay in Prime Location-long stay deals,3
name,"*Room1-Free breakfast, parking, kitchenette*",3
name,The Daughter's Anchorage  |  Historic Cottage,3
name,Budget  and close to  Airport & City,3
name,Spacious Modern City Centre Apartment with CarPark,3
name,"Private & Quiet
 Home away from home",3
name,The Residence - an inner city gem l Guest favorite,3
name,Quiet Urban Escape,3
name,"Comfy, and close to CBD",3
name,Classic Kiwi Bach With A View. 5min Walk To Shops,3
name,Modern Townhouse with Secure Parking | St Albans,3
name,"Christchurch Room Available -
Queen Bed - Upstairs",3
name,"Christchurch Room Available -
Queen Bed Downstairs",3
name,Brand New – Your Base to Explore the CBD | Unit 5,3
name,"Luxury Retreat with Spa, Views & Space to Relax",3
name,Charming Stay in Fendalton Heart,3
name,Brand New 2 Bedroom City Fringe Convenient Living,3
name,Tree House - Across the river with hot tub,3
name,Woolston wonder,3
name,Harbour Heights - Akaroa Holiday Home,3
name,Hagley Haven l A guest favourite!,3
name,Rose Garden Townhouse - cosy retreat in Merivale,3
name,Charming house on Montreal,3
name,Brockworth Place,3
name,"Brand New, Private & Central Townhouse",3
name,"SUPER QUIET CBD APT POOL,GYM, CARPARK BY CATHEDRAL",3
name,The Poolhouse on St Albans,3
name,The beach escape -Seaviews,3
name,"Room in Peaceful, Well-Located Townhouse Near City",3
name,Close to all amenities,3
name,"Hello Home, 6 mins to city, fab value for money!",3
name,Adelphi - Deluxe Studio Unit,3
name,Santorini-Inspired | Studio + 2BR Townhouse,3
name,Carpark/CBD/Warm and Quiet/Standalone/Sunny,3
name,Coastal abode | Redcliffs,3
name,Valley View - Modern & Private Retreat,3
name,New town house close to CBD,3
name,Cozy 2-Bedroom Home on Charles street central CHCH,3
name,City center and close by River.,3
name,CBD Townhouses 4 bedroom Walk to City,3
name,"Quaint Akaroa cabin for walkers, hikers & couples",3
name,Mod City Home Free Parking  3x spaces Edgeware cbd,3
name,Repton City Townhouse,3
name,Just 4km to Christchurch Airport,3
name,Overdale Oasis,3
name,Stylish 2-Bed 2-Bath Near Hagley Park & CBD,3
name,"Handy to Airport, CBD & Arena",3
name,beautiful house on the hill,3
name,Louisa Chandler – Retro Charm by the City,3
name,Cozy Stay near the airport,3
name,Stay in the Heart of the City – 3BR/3BA,3
name,"Stylish, apartment in the heart of Christchurch.",3
name,Double room close to city centre,3
name,Airport Modern House 3B3B,3
name,Minimalist City Stay at Manchester Street,3
name,Modern & Sun-Drenched Room in Quiet East Suburb,3
name,Cozy Home near Hagley Park,3
name,City Fringe Hideout - 2 Bed With Car Park.,3
name,"New, Bright & Fun Townhouse Close to the CBD",3
name,The Georgian Residence | 3-Bed CBD Townhouse,3
name,Lovely room 2 mins walk to Sumner beach,3
name,MSQ apartment,3
name,Sleeping out in style close to airport,3
name,"Private rooms, stunning view",3
name,Stay Central | Free Parking | City Base,3
name,"Roomy & Relaxed | Near City, Parks & Eateries",3
name,Garden View Queen Bath Studio,3
name,CBD Retreat - Ideal for Group Getaways | Unit 1,3
name,"9 kms to city center, sea view.",3
name,Tranquil 4 Bed Family Retreat 5MinTo Airport,3
name,Lyttelton on London Street,3
name,Premium City Townhouse • Park • 2 Beds • 2 Baths,3
name,"Homely, free breakfast, parking",3
name,Spacious Halswell home,3
name,Stylish Getaway in Wigram,3
name,The Loft - City Fringe with off-street parking,3
name,2 Bedrooms in Belfast Escape,3
name,'Little Two' - Luxury Studio by Airport,3
name,"3 bedrooms, 3 beds, near airport",3
name,"City fringe, transport access right outside",3
name,Wigram Cozy Harven,3
name,Awesome Modern Akaroa Bach,3
name,Room by the golf course with ensuite,3
name,"Bright Modern Guesthouse | Parking,Near CBD,Cafes",3
name,"Cozy, warm and comfy house",3
name,"Peaceful, Stylish, Central Escape + Free Parking!",3
name,Cosy ensuite for a small family,3
name,Close to Christchurch Airport,3
name,Family-Friendly Holiday Haven in Christchurch,3
name,City and Nature - Holiday Home,3
name,Luxury Wellness Retreat,3
name,Room IN Riccarton,3
name,Bingsland - Close to the city,3
name,New Central Stay Near Christchurch’s Best | Unit 2,3
name,Spacious living on Anysley Terrace,3
name,"Discover ""The Sandbar Nook"" in South New Brighton",3
name,"BrandNew City Central 3 Bedrooms, 2 Car Garage",3
name,Summer bliss,3
name,CBD Fringe Hidden Gem,3
name,Chic Modern Apartment in Riccarton w/ Free Parking,3
name,Modern 2-BR Home with Parking at Mohua Lane,3
name,Garden house in Burnside,3
name,Brand New Modern 3BR Home U4,3
name,The Ultimate Central City Stay with Garage,3
name,1 Bedroom  beach themed walking distance to beach,3
name,Prime Central City Pad - Modern and Quiet,3
name,Christchurch 1 Bedroom Apartment,3
name,Stylish 2Bed2Bath Home By Hagley And CBD With Park,3
name,One bedroom with Carpark,3
name,Nikau Villa Romantic retreat - Akaroa,3
name,Great City Townhouse,3
name,closer place to hills & town,3
name,Affordable Retro whole house accommodation,3
name,Hagley Townhouse,3
name,Rapa Nui Caravan stay in the Garden City,3
name,St Albans 2 Bed with Parking,3
name,Modern & Spacious – Right in Central CHCH | Unit 3,3
name,Free Parking! Modern townhouse on Welles St,3
name,"Cozy Private Ensuite,2nd Floor | Westfield nearby",3
name,Central Christchurch Heritage Villa,3
name,Spacious Family Home | Free Parking | Walk to City,3
name,"Exclusive estate with pool, spa and tennis court",3
name,Tidy room with private bathroom,3
name,Suburb Living in Riccarton 2BR,3
name,"Comfy, close to CBD",3
name,4BR Home Next to Nature Parks. Mins from Mall.,3
name,Your modern home-away-from-home in Ōtautahi!,3
name,Cozy Cabin,3
name,The Quiet Pad — Rest Easy. Fly Easy @19,3
name,"Church Corner, Parking and Large Living Area",2
name,Best Stay in Town,2
name,Happy Holidays :Last Minute Specials 3br &Parking,2
name,SALT District Contemporary City Haven,2
name,3BR CBD Stay • Walk to Hagley Oval + Parakiore,2
name,2 BR Penthouse near Te Kaha Stadium,2
name,"Stylish New Townhouse, 2 mins from Hagley Park",2
name,Modern CBD Stay • 3 Beds • Free Secure Park,2
name,Luxury 3-Bed 3-Bath Home Near CBD + Garage,2
name,"Waves & Wellness |Spa Pool, Sauna + Parking",2
name,City-Edge Boiler Precinct Stay,2
name,Luxury/BrandyNew 2 bedroom heart CDB Free Carpk!,2
name,cosy room just ready for you!,2
name,A Perfect Stay - Last Minute Specials: 3br+Garage,2
name,Room with Sea Views,2
name,Stylish Urban Retreat,2
name,Stylish 2-Bedroom Home with Front Yard,2
name,Central 3BR w/Fire Pit and Parking,2
name,City Town House - Unit,2
name,Cozy & Stylish Room,2
name,Warm and Comfy Home with Carpark near CBD,2
name,Riverside Retreat | Central CHCH + Parking,2
name,Cozy corner,2
name,Artist's Cottage,2
name,Central and Modern Home | Internal Garage,2
name,Happy Holidays: Last Minute Specials 3br& Parking,2
name,Redcliffs Waterfront Suite | Near Sumner,2
name,Harbour-view haven - with large garden.,2
name,Modern Cozy Unit,2
name,I am comfy and I know it,2
name,Central Studio | Walk to One Stadium + Carpark,2
name,Loft apartment above Arts Cafe,2
name,Fendalton/Ilam Getaway – Convenience & Relaxation,2
name,"Handy to Airport, City & Arena",2
name,Arnold Street Coastal Retreat,2
name,Stunning views on Richmond Hill,2
name,Sound of the ocean Single Bed with garden view,2
name,Homely Convenient Pad,2
name,Chic In The City,2
name,"Not available, don't book",2
name,Cozy Private Room n bathroom. Park. Peaceful Home.,2
name,Entire space - NO Sharing with others,2
name,Beachside Apartment – New Brighton,2
name,Modern Studio in City Centre – Walk to Everything,2
name,"Clear Sky View
*New House* Plus Spa on Request",2
name,Room available in Ilam,2
name,"Warm & Cozy Retreat | Sleeps 3, private room.",2
name,"wee brick bungalow, Christchurch NZ",2
name,House Truck in the Garden - FREE craft workshops*,2
name,Bright 2 Bedroom Apartment in Central Christchurch,2
name,King Bed - Clean & Tidy House in Central Location,2
name,CBD 2-Bed Townhouse by Hagley Park + Parking,2
name,Kiwiana charm + city convenience,2
name,Sunny Somerfield Haven,2
name,Yurt in the Woods -FREE craft workshops*,2
name,Group Stay|5min Walk to Stadium + Christchurch CBD,2
name,Cozy 1BR Studio with Ensuite by Hagley Park,2
name,Beach Bliss Retreat,2
name,1Bed CBD Parkside Comfort With Free Parking,2
name,Cosy Retreat |Sauna |Plunge |Spa |Walk to Stadium,2
name,Fully accessible private room with own entrance,2
name,Unit Close to CBD with private Parking!,2
name,Room 3queen bedroom/separate bathroom,2
name,Merivale Executive Stays- 3 Bedroom Apt,2
name,Spacious Family Home Near Airport w Kids Playroom,2
name,"Modern
Close to airport and bus stop
Free parking",2
name,Private 4BR Family Home • Parking • Near Airport,2
name,EasyGo Airport Residence,2
name,"Central city stadium living - cosy, clean bedroom",2
name,". Modern, close to airport, | Fast Wi-Fi & Parking",2
name,Hagley Park Escape – Stylish City Retreat,2
name,Large Twin w Sofa/ Great for Friends/Near Airport,2
name,The Park,2
name,Spacious 3BR Burnside | Balcony BBQ|Airport 5 min,2
name,Spacious 4B Family Home Near the Airport,2
name,Single room with Private bathroom,2
name,Private Two-Storey Townhouse Near One NZ Stadium,2
name,Kingfisher Cottage,2
name,City Escape Home | Great Value + Walk to Stadium,2
name,"Room 2 King Bed, separate bathroom",2
name,Beachfront Luxury Coastal Stay - 3 Bed With Garage,2
name,Bed & Breakfast in a Van,2
name,Midcentury Modern Gem in Christchurch Central,2
name,Double Room with Private Bathroom,2
name,Perfect Pair: 2 Homes Together,2
name,In the heart of Christchurch,2
name,Inner City Apartment - Prime location!,2
name,Seaview Outlook - Wainui Holiday Home,2
name,2 bedroom central location,2
name,Blue Cottage -1 Bed City Fringe Retreat,2
name,Friendly place for visitors welcome,2
name,Cosy House with Garden + Hot Tub. Pet Friendly!,2
name,"Lighthouse, outdoor bath, airport,12 minutes",2
name,Saint Albans Sweet Retreat,2
name,Stunning brand new 4-bedroom home in Christchurch!,2
name,Ōtautahi CHC •Walk to Town •Free Parking •KING Bed,2
name,Modern 4BR with Billiards & Bright Living,2
name,Stylish Central Townhouse,2
name,Sage Cottage,2
name,Cozy Studio Escape in Wilmer,2
name,City Oasis | Spa Bath | Private Parking,2
name,Ensuite w Park view & Heat pump/ Close to Airport,2
name,Peaceful En suite room w bathtub/near airport,2
name,"Stay on Winton 2Bd 2Bth
Single Garage
St Albans",2
name,5 Bedroom Group Accommodation near City Centre,2
name,Stylish Hillside Retreat with Pool,2
name,Christchurch Central City Lifestyle,2
name,Bright 3BR Townhouse Near the Te Kaha Stadium,2
name,Kohunga - Tides and Tranquility,2
name,Central Cutie -Townhouse W Standing Office setup,2
name,Haven is close to the airport,2
name,Bright Studio + Balcony in Prime Location,2
name,Brand-new luxury home offering superior living!,2
name,Stylish Studio - Free Parking - Walk to harbour,2
name,Iconic OGB 1 Bed Apartment With Gym/Pool/Carpark,2
name,Frank's Place,2
name,"Beautiful Room Near Stadium, CBD & FREE Parking",2
name,"2BR Apartment, OGB, Central, Pool, Free Carpark",2
name,Dog-friendly comfort. A private little unit for 2.,2
name,Private in top 1%. Close to Airport & University,2
name,2 bedroom Unit close to beach,2
name,Four private Rooms & Communal Space - Couples,2
name,Bright 1-Bedroom Apartment with Balcony,2
name,"Elysian Du Regent
Boutique City Apartment",2
name,"New Brighton Pier Retreat - 3 bedrooms, Beachfront",2
name,Excellent inner city location,2
name,"Family 4BR Home • By Airport • BBQ, Large Backyard",2
name,Twin Room w Balcony/Budget Stay Near Airport,2
name,"Stunning very sunny, city/nature, dog friend house",2
name,Clean Studio with Free Parking opp. Westfield Mall,2
name,A Perfect Stay - Last Minute Specials: 3br+Parking,2
name,3 rooms at detached sleepout,2
name,Ground Floor Apartment | Parking + Pool & Gym,2
name,Spacious 4-Bedroom Home Near CBD With Parking!,2
name,"Kakariki Retreat - Hot Tub, Views & Nature Escape",2
name,Sunny Deck & City Comfort,2
name,The King’s Quarters,2
name,Two Bedroom Two Bathroom Urban Oasis,2
name,Spacious Inner City Townhouse | Sleeps up to 10,2
name,1BD. Across from Stadium. W Remote Working set up.,2
name,Romantic Riverside Retreat · Peaceful & City-Close,2
name,The Encore | 4 Min Walk to Stadium & CBD,2
name,Harmony Haven At Burnside,2
name,Modern City Townhouse & Gated Car Park,2
name,A family friendly happy home in Hoon Hay.,2
name,Belle Vue - Akaroa Holiday Home,2
name,NEXUS - Room,2
name,Pacific Panorama - Christchurch Holiday Apartment,2
name,Guest Suite in Christchurch,2
name,Luxury Riverside Townhouse | Walk to Stadium,2
name,1890 Cottage! 3BR House+ Central+ 2BIKES+ Backyard,2
name,"Sunny,small, secure and fabulous location",2
name,Warm Winter Stay | Spa & Games | Family & Friends,2
name,Stylish Studio - Easy Walk to Town and Harbour,2
name,Private Room with 8 Beds in City Centre,2
name,Private Room with 8 Beds,2
name,Cosy tiny house,2
name,The Architectural Oasis,2
name,Riccarton Family & Affordable 5BR,2
name,Bishop Street,2
name,"Spacious Christchurch Home, Sleeps 8, Free Parking",2
name,Quiet apartment near the central city.,2
name,Private 8-Bed Room in City Centre,2
name,Therese Garden Stay,2
name,Private Ensuite with 4 Beds,2
name,"Front Row Loft | Designer Stay, Stadium & CBD",2
name,Steps to City Center - Walk to Stadium & Cathedral,2
name,"Riccarton 5BR, 400m to Westfield Mall",2
name,"Stylish Apartment in City Centre, walk to stadium",2
name,Cosy convenient studio close to Airport,2
name,Sumner /Redcliffs/ Moncks Bay 2br unit.,2
name,"Cottage Charm Adorable, additional outdoor bath",2
name,Parkside Coastal Retreat in Redcliffs,2
name,Merivale Modernism,2
name,Relaxing Cozy Home,2
name,#47 Jacques Garden Apartments by AVI,2
name,Beautiful Home in Papanui,2
name,Comfortable character cottage,2
name,Cass Bay Escape: Modern Seaside Home with Views,2
name,Apartment in the Heart of Merivale,2
name,Cashmere Self Contained Haven,2
name,"New apartment in Christchurch City
near Stadium",2
name,Nest - Solo,2
name,Willow Retreat - Room,2
name,Luxe City Stay Sleeps 7 with Garage,2
name,Modern Cozy Apartment 8 mins from City Centre,2
name,"Room to spread out · fenced lawn, pets welcome",2
name,Central Cutie - Christchurch City Cottage,2
name,Free Carpark & Stylish City Apartment Near Te Kaha,2
name,Beautiful Caravan Studio in Ōtautahi,2
name,Stylish Rental Merivale - 2-BR home,2
name,Riccarton Residence,2
name,Fully accessible private room/own entrance (4),2
name,Stunning Townhouse at Hagley Park,2
name,"Cozy retreat, peaceful stay, clean and tidy,",2
name,Family House With Hot Tub And Parking Christchurch,2
name,Paradise close to the CBD,2
name,"Modern city apartment
close to the stadium",2
name,Chic CBD Townhouse | Walk to One NZ Stadium & SALT,2
name,Stadium Heights with views of the Stadium,2
name,Belfast Escape,2
name,"The Cottage Hideaway
Relaxing spa & native bush",2
name,"Cosy Luxury Near Airport: Spa, Pool & Breakfast",2
name,Walk to Te Kaha Stadium from Luxury CBD Apt,2
name,Private 4BR Home • Garden • Parking • Near Airport,2
name,Russley home near the airport,2
name,2 bedroom Family home with amazing harbour views,2
name,"7 mins from city, 2 mins to Shops, Peaceful, Gated",2
name,SEAS THE DAY - Family Coastal Escape - Beach Gear,2
name,"Quiet, clean & central",2
name,The Landing Pad | Family Home Near Airport,2
name,Charming Studio and 1 BR Retreat in CBD w Park,2
name,Chic Central Retreat • 3 Beds • FREE Parking,2
name,"Free parking. 6 ensuites. Cinema, Games room",2
name,Modern 2BR Townhouse • Free Parking • Near CBD •,2
name,Self Contained Studio | Private Spa | Central,2
name,Classic Ilam Art Deco Home - Casa Deco,2
name,Hockey Hideaway,2
name,Cosy ensuite in a handy location,2
name,Private ensuite room/own entrance (2),2
name,Stylish Boutique City Apartment – Sleeps up to 6,2
name,Mt Pleasant Coastal Relaxation,2
name,Nest -Room,2
name,Large 4 Bedroom Home | Split Bed Option | Parking,2
name,Stylish CBD Townhouse | Sleeps 6 | Free Parking,2
name,Cosy cottage character home,2
name,Central city modern townhouse,2
name,Grand Old Residence - Sleeps 8,2
name,Spacious home,2
name,Manchester 5-Star,2
name,Kombi Cabin,2
name,Affordable 4BR Home Near Airport | Sleeps 8,2
name,Modern Merivale Gem | Flexible Beds & Parking,2
name,Ideal Townhouse City Base - Stadium Walk + Carpark,2
name,Christchurch Stay | Hot Tub & Billiards | Sleeps 9,2
name,"2-BR ensuite, close to CBD, comfy w/ own parking",2
name,Cathedral Tram Gem | 3 Guests | Free Parking,2
name,Aura Nova - Room,2
name,Sunny Woolston House Available,2
name,Peaceful City Fringe Escape with Carpark,2
name,Winchester Haven,2
name,"Home with a View, Christchurch",2
name,Convenient  1 or 2 or 3 bedroom Oasis,2
name,Discover more of Christchurch,2
name,"Rossall BnB -Self cont unit, 2km city, bkfast, bus",2
name,"Best Value in CHCH, Fast Wifi, 6 Min to CBD, Sauna",2
name,Sunny CBD Retreat | King Beds & Double Garage!,2
name,Charming 1BR Retreat next to UC,2
name,Cosy Modern Eco-Home in Central City,2
name,Ranui Garden Retreat,2
name,Modern 3BR CBD Townhouse + Garage,2
name,Exquisite Contemporary Haven · Luxury Retreat,2
name,The Ridgeway Suite - Swim Spa & Coastal Luxury,2
name,"Chch's Best Location | Stadium, CBD & Free Parking",2
name,Central City Retreat • 3 Beds •Free Secure Parking,2
name,Comfortable City Townhouse Stay | Garage & Stadium,2
name,Master Bedroom with Ensuite-7 min drive to Airport,2
name,Modern Family Home in Peaceful Halswell,2
name,Two Houses in Price of One Dickson Big Stay,2
name,Private ensuite room/own entrance (1),2
name,"seasalt, sumner beach, sumner",2
name,Monthly-Ready 1BR with Workspace near Westfield,2
name,Little Beach Break,2
name,A Perfect Stay - Last Minute Specials 3br &Garage,2
name,Our Tranquil Treehouse - Office or stay bubble!,2
name,"Garden Guesthouse, peaceful, spacious, independent",2
name,Quiet Hillside Escape with Spectacular Views,2
name,Luxury Couples Retreat,2
name,Modern & Sunny Queen Room | Near Eastgate Mall,2
name,The Swithland Nook near airport,2
name,Twin room with Balcony / Close to Airport,2
name,Staydium Retreat – Sleeps 5,2
name,Incredible Villa On Bealey Ave - Sleeps Up To 33,2
name,Salisbury Getaway,2
name,Ensuite with Parkview / Close to Airport,2
name,The Overleigh Shearers Quarters,2
name,"Walk to CBD • Modern, Spacious Home with Garage",2
name,Modern Home with Sunny Garden,2
name,Private Ensuite| Walk to City|WIFI | Free parking,2
name,Character by the beach,2
name,Brand New 3-Bed CBD Townhouse | 2-Car Garage,2
name,Addington 3 Bedroom With Parking Close To Arena,2
name,"Modern comfort Peaceful retreat, in Duvauchelle",2
name,"2 Single Size Beds, Clean & Tidy, Central Location",2
name,Modern Hagley Park Apartment with Free Parking,2
name,Akaroa Waterfront Apartment,2
name,"Cosy camper, close to CBD",2
name,Traveller’s Abode in Christchurch,2
name,La Maison de Manu Waiata - Akaroa Holiday Home,2
name,The Moorhouse Residence | Cozy & Central,2
name,Spacious and comfy single room,2
name,Blue Cottage,2
name,"Master room, En-suite Bathroom",2
name,Luxury CBD 2B/2B Townhouse - Walk to Stadium!,2
name,Spacious 5BDR 2BA plus sleepout Family Home,2
name,Papanui Oasis,2
name,Rooms in a house at the iris sphere 楚云居,2
name,"Chch Central, kitchenette, 800m to New Regent St",2
name,Tranquil 2BR Townhouse + Parking + Fenced Yard,2
name,"Sadie's Stay, King Bed, Small Dog Friendly",2
name,family house,2
name,City Centre 5 BRM Sleep 10+,2
name,Bibiana Breeze,2
name,Pebble Shore Haven - Little River Holiday Home,2
name,Convenient Comfort In the Heart of Christchurch,2
name,Holly Manor - The Historic Gallery,2
name,"CBD Urban Family Retreat By Stadium, Sleeps 8!",2
name,"Garden Guesthouse, 5 mins from town, peaceful spot",2
name,2BR Apartment - Sleeps 6 - Parking & Pets,2
name,Latimer Retreat - Central Apartment Near Stadium,2
name,Park and Stay 4BR Townhouse near Avon River,2
name,Scholarly Stay 3BR/3BA Near UC,2
name,New townhouse. Own ensuite!,2
name,Cosy room + ensuite close to the city centre!,2
name,"Monochrome House | CBD, Firepit, Free Parking",2
name,Private beach studio room,2
name,Room in Spreydon,2
name,Townhouse In The City With Parking and Courtyard,2
name,Tram Gem Studio | CBD | 2 Guests,2
name,Bottle Lake Ensuite with Kitchen 12pm checkout!,2
name,City Oasis | Luxe Spa Bath | Private Parking,2
name,"Private House, Calm, Private| BBQ |15 min from CDB",2
name,Elegant 2-Bed CBD Stay | With parking,2
name,Home with Beautiful Garden,2
name,Star,2
name,Modern 4 Bedroom House Wigram-Close to Everything,2
name,Rocking Retreat,2
name,Beachside Stay | Parking + EV Charger & Spa,2
name,Inner City for Large Groups - Garage Parking,2
name,St Asaph | SALT District Urban Haven,2
name,Cozy Private Retreat | Bedroom | Sleeps 3,2
name,"Convenient city flat, pets welcome!",2
name,#52 Jacques Garden Apartments by AVI,2
name,2BR Apartment | Sleeps 6 | Parking & Pets,2
name,Comfortable Cozy Home,2
name,"studio of convenience, central city",2
name,Harbour Views & Hillside Charm,2
name,Modern 3BR Retreat in Central Richmond,2
name,Sleepout by the sea,2
name,"City Sanctuary | City Centre, Sleeps 6",1
name,Heart of CBD |Tuam Gem - Walk to Stadium + Parking,1
name,"Fantastic location in CBD, Walk to Stadium",1
name,Central City 2BR | Backyard | Walk to CBD,1
name,Modren 3BR in CBD. Walk to Parakiore + Hagley Park,1
name,Stunning Views Await! Family Retreat in Akaroa,1
name,City Townhouse | 2BR + Yard | Walk to Riverside,1
name,Elegant City Retreat with Balcony,1
name,Central City Brand New 3 bed room n free parking,1
name,"Cosy Retreat | Sauna, Plunge, Spa |Walk to Stadium",1
name,Central Studio + Carpark | Walk to One Stadium,1
name,Home Away! Early check in / FREE parking & Netflix,1
name,Central City in quiet private complex,1
name,The Nest,1
name,Stylish Central Cottage | Modern Heating & Parking,1
name,City Escape 2BR Home | Great Value + Near Stadium,1
name,Cozy family room in the middle of Hornby town,1
name,Family Interconnecting Rooms by Tram Free Parking,1
name,"Eve Apartment | City Centre, Gym/Pool",1
name,Modern 3BR Addington Home|Parking + Great Location,1
name,Executive CBD Townhouse - Stadium + Playground,1
name,Spacious 3 Bedroom Townhouse | Near CBD w/ Garage,1
name,NEW• 1km Stadium • Sleeps 6 • 1.5km City • Parking,1
name,Spacious 3BR Family Home | Free Parking,1
name,Comfy Gloucester Townhouse | EV Charger & Parking,1
name,Designer 2BR Flat | Christchurch CBD | Patio,1
name,Luxury Central City Sub Penthouse,1
name,The Wild Fern by Aotearoa Escapes,1
name,"Ground Floor Apartment CBD - Pool, Gym + Parking",1
name,Nice sunny place in Redwood and Golden retriever,1
name,A Perfect Stay - Last Minute Specials 3br & Garage,1
name,Cozy Central Loft | Walk to CBD & Stadium,1
name,CBD & One NZ Stadium at Your Doorstep+Garage,1
name,Brand New Townhouse Walk to CBD | Parking + EV,1
name,1BR Apartment in CBD • Free Parking • Work Desk,1
name,Warm CBD Sleep 5•Free Park• Te Pae•Twn Hall•Casino,1
name,Central City Stay | 2BR + Balcony | Parking,1
name,Modern CBD Sleep 5•FreePark•Te Pae•Twn Hall•Casino,1
name,Single room 1,1
name,Relaxed 2BR City Base | Christchurch Attraction,1
name,Modern Upstairs Apartment by Avon River,1
name,Central City Stay • 3 Beds • Free Site Parking,1
name,Peaceful Family CBD Stay w/ Car Park + EV charger,1
name,Addington City Base | 2BR | Free Parking,1
name,Central City Apartment With Lock Up Garage,1
name,Bel Air Mansion | 6BR | Sleeps 12 | Near CBD,1
name,Modern Private Ensuite ROOM – Christchurch,1
name,Luxury Merivale Townhouse | 3 Bed |Walk Everywhere,1
name,25% weekly discount at Stylish Riverside Home,1
name,Addington 2BR with Patio & Parking | Near Hagley,1
name,+The Crossing+,1
name,Central City Stay | 1BR | Work Space + Courtyard,1
name,Relaxing CBD Apartment,1
name,"Secure, Group Friendly, Kitchen, Airport 4 mins",1
name,Guesthouse in Christchurch - No cleaning fee,1
name,"Unbeatable Price, Breakfast, 7 mins to CBD, Sauna!",1
name,Modern CBD Studio w/ King Bed - Walk to Market,1
name,City Town House Karaka,1
name,Salisbury Garden | 2BR with Parking | CBD,1
name,Studio Apartment - walk to the City Centre,1
name,"Designer Apartment, Walk to Stadium & Riverside",1
name,"City Apt by New Stadium, Hospital & Riverside",1
name,The WalkScore Hub,1
name,Serene CBD Stay | 2BR | Balcony + Laundry,1
name,Charming Home | Parking & Washer | Central City,1
name,CBD 2BR Townhouse - Walk Stadium + Fitness Bike,1
name,2 Double rooms outside the city center,1
name,Modern 2BR | Christchurch CBD + Patio + Parking,1
name,Brand New CBD Apartment | Spa • Sauna • Plunge,1
name,Hereford Haven 2BR w Parking | Near CBD & Stadium,1
name,"Walk to Stadium, Chch CBD | Sauna, Plunge, Spa",1
name,Modern Motel Apartment | Christchurch,1
name,Christchurch Pet-Friendly Apt w/ Patio & Free Park,1
name,Best view. Up to 4 guests in 2 comfy double rooms,1
name,Modern 1BR with Laundry | Walk to CBD & Riverside,1
name,Bright City Base | 1BR | Kitchen + Courtyard,1
name,3BR City Home | Courtyard + Parking | Near CBD,1
name,Walk to the stadium,1
name,"Unbeatable Price, Brekky, 7 mins to City, Sunny!",1
name,"Garden View 2BR Near CBD | Yard, Parking + Laundry",1
name,Stylish 2BR Apartment | Gated Complex + Parking,1
name,Relaxing CBD Apartment - Sauna Access,1
name,"Stylish Warm Suite near CBD, TePae and Hagly Park",1
name,Vibrant CBD Studio | Walk to Hoyts & Market,1
name,City Town House Blue,1
name,Modern 2BR with Patio | Christchurch CBD,1
name,Lux Architectural ‘Black Hut’ Near Stadium w Sauna,1
name,City Town House Kowhai,1
name,1 Bedroom Apartment in the heart of Christchurch,1
name,Urban Oasis - Christchurch Holiday Home,1
name,Private Family 4BR • Near Airport • Free Parking,1
name,"Modern Warm Suite near TePae, CBD and Hagley Park",1
name,Cozy 3BR Home in Hornby | Games Room | Airport,1
name,Comfort in the heart of CHCH CBD with Free Carpark,1
name,central city 2 free wifi,1
name,Hawkesbury Executive Home | Sleeps 4,1
name,CBD 2BR | Opposite One NZ Stadium | Laundry,1
name,Walk Everywhere! CBD Pad + Stadium & Parking,1
name,Modern 2BR | Central Christchurch Stay,1
name,Memory Lane Retreat | CBD + Free Parking,1
name,Cozy coastal tiny house retreat,1
name,Ensuite with Spa Bathtub / Close to Airport,1
name,Akaroa Harbour Views | Sunny 3-Bedroom Retreat,1
name,"Unbeatable Price, Brekky, 7 mins to City, + Sauna!",1
name,"Warm, sunny, comfortable convenience",1
name,Seaview Family Stay- 2 min walk to waterfront,1
name,Magdalena’s French Cottage Akaroa. Pet friendly.,1
name,Ocean Views | 3BR Redcliffs Coastal Stay | Parking,1
name,"Latimer Apartment | City Centre, Sleeps 6",1
name,City Town House Whero,1
name,Waves & Wellness | Spa Pool + Parking,1
name,Stylish Two Bedroom for a Christchurch Getaway,1
name,Private 4BR Family Home | Parking | Near Airport,1
name,City-View Apartment: King Bed & Balcony Near Stadi,1
name,The Modern Hideaway for Every Stay,1
name,Double Room with Garden view,1
name,Spacious 4BR Retreat | Halswell Domain Park & Lake,1
name,Madhouse Haven 2BR | Walk to Riverside | Laundry,1
name,Resort-Style Room with Ocean & Alps Views,1
name,"2BR Christchurch Stay | Near CBD, Hagley & Stadium",1
name,Contemporary Townhouse | Near CBD + Gated Parking,1
name,Stylish 3BR House in Christchurch,1
name,Central City Latimer | Sleeps 6,1
name,Lighthouse,1
name,Urban Gated Townhouse - Patio + Parking w/ EV,1
name,New Home at Samantha • Private Family Home,1
name,CBD Sleeps 5• Free Parking• Te Pae•Twn Hall•Casino,1
name,CBD Apartment with Enclosed Balcony+ Spa and Sauna,1
name,Spacious Family-Friendly 4BR Home | near Airport,1
name,Vibrant CBD Townhouse - Sleeps 4 + Stadium,1
name,"Super king bed & free parking, central CHC",1
name,Studio Unit with Spa Bath!,1
name,"Architectural Diamond | City Centre, Sleeps 8",1
name,"City Apt by One Stadium, Hospital & Riverside",1
name,Walk to Stadium + 2 Free Car Parks Prime Location,1
name,Peaceful Merivale Hideaway - Parkside + Parking,1
name,City Nook | 2BR with Courtyard | CBD + Stadium,1
name,"Studio B | Sleeps 4, Walk to Beach",1
name,Sunny Escape Steps from Hagley Park & Hospital,1
name,Room In Addington,1
name,Cosy 2BR Retreat | Family Friendly,1
name,Vintage Style Townhouse with Private Parking,1
name,Charming Hillside Apartment.  Bus at gate.,1
name,Secure Quiet CBD Townhouse | Free Parking + EV,1
name,Ultimate City Comfort - Carpark + EV,1
name,Central 2BR Townhouse | Near CBD + Stadium,1
name,Relaxed 2BR City Base near Christchurch Attraction,1
name,"Close to City Centre, direct bus to Airport",1
name,Urban Noir | Steps from Te kaha Stadium,1
name,1BR with Courtyard + Parking | Near CBD,1
name,Wigram Modern Family Home | 5BR | Patio & Parking,1
name,Unique Character Home in the Heart of Akaroa,1
name,"Airport Family Stay, Burnside",1
name,Akaroa Oceanview Home | Sleeps 6,1
name,Modern CBD Studio w/ King Bed | Ground Floor Ease,1
name,Two Storey 2BR | Private Patio | Near CBD,1
name,"2BR Serene Stay, Salisbury near Christchurch CBD",1
name,Small Sustainable House | Sleeps 4,1
name,Mid-Century on Mandeville,1
name,Norwood Lodge,1
name,3BR Addington Home with Private Spa & Garage,1
name,Modern house 18 min drive from central city,1
name,"Garden Haven | Sleeps 6, River View",1
name,Guesthouse in Christchurch,1
name,Stylish Parkside Retreat | Family Space & Fun,1
name,5 mins to Stadium | Premium Central Home | Parking,1
name,Room in Halswell Christchurch,1
name,The Crossing,1
name,"Modern City Stay w Private Patio, Christchurch CBD",1
name,Modern Townhouse Walk to Hagley Park & Hospital,1
name,"Parkside Oasis | Sleeps 6, Large Backyard",1
name,5 Minutes Airport 3 Bedrooms 6 Guests,1
name,Modern 1BR Near Christchurch CBD & Cashel Street,1
name,Staydium Retreat – 2B2B Free Parking! Sleeps 5,1
name,"2BR CBD | Parking, Kitchen, Washer & Yard",1
name,Brand-New 3bm Home/ Near Stadium & City / Parking,1
name,"Ember House | Fire Pit, 5min to CBD, Free Parking",1
name,"Peterborough Hideaway | Central City, Sleeps 8",1
name,"Kāinga Rua | King Bed, Te Kaha & Great Coffee",1
name,Plush Upmarket Close Hospital 2Bdrm 2 Bthrm,1
name,Hackthorne Gardens Guest House,1
name,Extended Stay | CBD | WiFi | Workspace | Laundry,1
name,"The Ember House | Fire Pit Patio, 5 min to CBD",1
name,"Penthouse in the City | Sleeps 7, City Views",1
name,Extended Stay | CBD | Wifi | Laundry | Stadium,1
name,"Shrewsbury Retreat | Sleeps 6, Walk to Park",1
name,"Andover Street Honey | Sleeps 6, Walk to Park",1
name,Comfy Private Room Near Christchurch Airport,1
name,Warm & Cozy Room in a Family Home,1
name,"Room in a clean, sunny townhouse | 10 mins to CBD",1
name,The Cozy Corner-Ensuite Room with Private Entrace,1
name,"Peaceful Stay Near Airport, UC & Mall | Breakfast",1
name,"Wyndham Garden Christchurch, Studio King",1
name,"20 min walk to city, large room with ensuite",1
name,"Coastal Retreat | Sleeps 8, Walk to Beach",1
name,Redcliffs 3 Bd Waterfront Home | Near Sumner,1
name,Waves & Wellness |Spa Pool + Parking,1
name,"Sumner Seaside | Sleeps 4, Walk to Beach",1
name,The Meadow - 5 Bedrooms Relax & Stay,1
name,Relax with amazing ocean views in Sumner,1
name,"Entire home in Lyttelton, New Zealand",1
name,Spacious Sumner beach house w/ hot tub & fire,1
name,"The Sumner Escape - Sleeps 5, Walk to Beach",1
name,"Private, Secure, Near Dining & Park, Airport 4 min",1
name,Ocean Views | 3BR Home with Hot Tub & Parking,1
name,Strowan House 1 - Single Level with Aircon,1
name,Walk to Addington shops & Hagley park,1
name,Peaceful Lyttelton Studio - Free Parking,1
name,"Harbourlight house in Lyttelton, New Zealand",1
name,Hillside Retreat-Koru Studio,1
name,Sunny modern townhouse | 10 mins to CBD,1
name,Peaceful and private stay in Christchurch,1
name,Comfortable New 3BR Apartment,1
name,Modern Stylish Family Home Near Christchurch,1
name,Hillside tiny home,1
name,Hackthorne Hideaway with a view.,1
name,Halswell new unit,1
name,Spacious 4BR Home | Spa and Two Lounges + Games,1
name,"Church Corner, Parking and Large Living Area - 3BR",1
name,Merivale Village Apartment | 4 Guests,1
name,Family-Friendly 4BR Home | Sleeps 8 | 2.5 Baths,1
name,studio ove convenience,1
name,1 min to Stadium •Walk to Everything •Free Parking,1
name,"Spacious, Sunlit En Suite, Room Near Airport",1
name,"City Stadium, Boutique, Peaceful and Comfortable",1
name,Double & twin room. Free wifi & garage for parking,1
name,Private 4B Family Home • by Airport • Free Parking,1
name,4 beds family home next to Riccarton Mall,1
name,"Room near centre, paknsave, beach & golf club",1
name,Lake House Cozy Home VIP5,1
name,"Style Secure Sleeps 8, Beside Park, Airport 3 mins",1
name,Close to City & Beach: Modern Home with Garage.,1
name,Custodians Cottage at River Lodge,1
name,"Port Levy, Christchurch B & B + (Meal Options)",1
name,A Perfect Stay - Last Minute Specials:3br+Parking,1
name,Beautiful Room,1
name,2 Bedroom and Garage Townhouse in the Four Aves,1
name,Modern CBD • Walk to Te Pae•Free Parking •Casino•,1
name,"studio of convenience, central city .",1
name,Manchester CBD Luxury | King Bed + Parking,1
name,Chic Retreat - Modern Comforts & Game Room Fun!,1
name,Spacious Family 4BR Home | Parking | By Airport,1
name,Luxury CBD 2Bed 2Bath + Parking,1
name,Studio room in Bryndwr,1
name,Central CBD Cozy 3-Bed w/ Free Parking,1
name,Home Away From Home on one level & Double Garage,1
name,Luxury City Pad - Romantic Getaway in the City,1
name,Chic city pad - 2 bedroom,1
name,Halswell Cozy Ensuite - Private Entrance,1
name,Serenity Corner,1
name,"4BR Family Home • by Airport • Trampoline, Garden",1
name,Modern 3Bed CBD Townhouse By Stadium With Parking!,1
name,Studio room on Papanui Rd close to malls,1
name,"Brand new warm and cosy home, 10 mins to town",1
name,1 bedroom apartment - Best central city location,1
name,Modern Home-Panoramic view of city,1
name,"Rest nest, ensuite bedroom and private spa",1
name,"Quiet, Cozy Room A with Large TV & Fibre Wifi",1
name,Luxury New 2Bed2Bath Minutes To CBD With Parking,1
name,"Better Together BnB - (Newly Built, Near Stadium)",1
name,"Modern 2-Bed Townhouse, Walk to City, Free Parking",1
name,Central 2-BRM Apartment with Free Carpark,1
name,Brand new and convenience in CBD next to stadium,1
name,"Modern Retreat – Private, Clean & Near Airport",1
name,Central 1bd I Carpark I Lift access,1
name,Private Cinema w Hoyts seats. 6Bedroom w Ensuites.,1
name,Gatehouse on the Bay - Christchurch Holiday Unit,1
name,Coming soon! Brand New City Apartment (106),1
name,Old Gem Near the City! Madras #A,1
name,4 Min to Hagley Park | Central Chch | Secure Park,1
name,Center City Home with Parking,1
name,3BR CBD Stay • Private• Walk to Hagley+ Parakiore,1
name,City pad,1
name,"The Terrace.
Park views only 8 mins from the city",1
name,Convenient Home Near Westfield And Hagley Park,1
name,"Style & Security, Near Park, Dining, Airport 4 min",1
name,Luxury 2BR/2Bath Near CBD + Free Parking,1
name,Modern Central City Apartment,1
name,City Stay,1
name,"Banks Cottage. 
Sleeps 6, with carpark",1
name,2minutes'walk to the Riverside Market &City Centre,1
name,"So, so CBD Central 1BR | Walk to Stadium",1
name,Entire Place - Blessing Holiday House,1
name,Brand New The little Gem at Riccarton,1
name,Centrally Located working distance to Central City,1
name,Central Stay | 2BR 2Bath + Parking,1
name,Luxury 2BR CBD Apartment – Town Hall & Casino,1
name,"Suburban Oasis.
A place to call home",1
name,Luxurious City Retreat 3Bed 3Bath Near CBD,1
name,Modern three bedroom house,1
name,Burke Street Sanctuary,1
name,The Residence - an inner city gem,1
name,Ensuite Private Room in Modern Townhouse,1
name,"Double Room ,Breakfast Included (Room 2)",1
name,3BR CBD • Private• Walk to Hagley Park+ Parakiore,1
name,"Family-Friendly Home | Hot Tub, Firepit, Sleeps 9",1
name,The historic Bedouin Hut by the River,1
name,"Secure & Private, Cosy Fun Design, Airport 4 min",1
name,one bedroom,1
name,Governors Bay Cottage,1
name,Coffee over the road! Addington,1
name,Merivale Loft,1
name,City Calm Retreat | 2BR 2Bath | Free Parking,1
name,Urban Retreat in Central City Christchurch,1
name,City-Fringe Luxury Hideaway | 2BR + Parking,1
name,Unit A : Live in the “heart of city”,1
name,Fantastic on Fendalton,1
name,Comfy room with a garden view near Airport & Uni,1
name,Parkside Convenience – 2BR Near Westfield,1
name,Cinema w SKY. Games. 7 Bathrooms. All in one stay,1
name,Affordable Private Sleep-Out Room 1 | Own Entrance,1
name,Le Bons Bay Bach,1
name,Ensuite,1
name,Private studio on the beach,1
name,Seabreeze Retreat New Brighton - A relaxing vibe,1
name,Renovated 3 bedroom apartment. Free Parking.,1
name,Homey and Bright Riccarton 2BR,1
name,Parkside Comfort – 3BR Near Westfield,1
name,Exclusive Modern Retreat | Prime CBD l,1
name,Private Stylish Central North Facing City Space,1
name,The Nest on Whitburn Ave,1
name,King street quiet room,1
name,4 rooms at detached sleepout,1
name,Central City Villa perfect for up to 12-guests,1
name,"Relax in style, parkside with office. Inner city",1
name,Unique Cosy Secure 4brm Near Airport & Restaurants,1
name,Townhouse in Christchurch CBD,1
name,The little Gem at Merivale -1km to Central city,1
name,Christchurch CBD Living – Madras #A Comfort,1
name,Next to airport.besideSH1 way to north or south,1
name,Central Charm Escape • 3 Beds • FREE Parking,1
name,City Townhouse #2,1
name,Garden-View Room,1
name,Beautiful unit close to town,1
name,3BR Near Stadium | Free Parking + Walk Everywhere,1
name,Peaceful Stay in a Cozy Idyllic House,1
name,Luxury City Living New 3BR 3BA Townhouse,1
name,Christchurch Stadium Apartment,1
name,Luxury City Pad - Moments away from Hagley Park,1
name,Comfort & Style | 2BR Townhouse + Parking,1
name,"Secure, Suit Groups, 4 Bedrooms, Airport 3 mins",1
name,4 min walk to Stadium- DowntownCutie W Home Office,1
name,Quiet CBD Retreat • Free Parking • Walk to Te Pae,1
name,Ultimate Central Large one of a kind Retreat,1
name,Central Christchurch Gem • Brand New!,1
name,Modern CBD • Walk to Te Pae•Free Parking•TownHall•,1
name,Chic & Comfortable Urban Retreat + Free Parking!,1
name,Family & Friends | Spa • Games • E-Bikes • Central,1
name,"Cosy room at 
wigram",1
name,Central City Lifestyle Near Christchurch Stadium,1
name,Modern CBD Townhouse | Walk to Stadium,1
name,Ensuite near Christchurch Airport,1
name,Spacious 3BR Burnside | Balcony BBQ|Airport 4 min,1
name,NEW 1 bedroom apartment-Margaret Mahy Playground,1
name,Seamount Sojourn: an oasis.,1
name,Little River Luxury Couples Retreat,1
name,Cosy room for two - near the airport,1
name,Lucky number 8 on Hartford.,1
name,Modern House in Wigram,1
name,"Whole house-2 bedroom, tranquil garden with view",1
name,"Spacious 4BR Haven near Airport • BBQ, Garden Area",1
name,Your Christchurch Niche,1
name,The Terrace. Feed the ducks & eels & just relax!,1
name,Beach Bach Garage sleeps 6 view sea hotpools pier.,1
name,"Queen Bed, Smart Tv & Wifi",1
name,Welcome to our Charming Villa- Minutes to the CBD.,1
name,One for the Kids & the Dog in Sumner,1
name,"New 2 Bed Home, Quiet Clean - Parking",1
name,Loft Apartment in Cashmere,1
name,5minUBER to the stadium. Large unique retreat.,1
name,Family Oasis Near Airport • Large Backyard • 4BR,1
name,Happy Holidays :Last Minute Specials 3br &Garage,1
name,"Modern, Sun-lit, Spacious Room Near Airport",1
name,"Garden Guesthouse, independent studio for 2",1
name,Private Sleepout. Long stays ok,1
name,Central Stay: 2 Rooms + Bath/1queen/1king bed,1
name,Cute & Stylish Loft | Affordable City Stay,1
name,Coming soon! Brand New City Apartment,1
name,Bright 2BR Townhouse Near the Te Kaha Stadium,1
name,Coming soon! City Apartment with Balcony,1
name,Elegant City Suite 2Bedrooms,1
name,Discover this bright and family-friendly 3-bedroom,1
name,Christchurch cottage - 2bedroom+office+2 toilets,1
name,Strowan Sleepout,1
name,Cosy Apartment in the Heart of the CBD,1
name,Central City Apartment with a View,1
name,Fun-Filled Sports 2BR | Golf & Arcade,1
name,Central Cozy Retreat - 3 Beds & FREE Parking,1
name,Cosy Central Getaway with Free Parking,1
name,1 Block to One New Zealand Stadium & CBD Townhouse,1
name,Huanui City Heaven,1
name,Central City 1Bed By Stadium- Walk to Everything!,1
name,Spacious 4BR Family-Friendly • Parking •By Airport,1
name,Central 1BR Apartment at the heart of Christchurch,1
name,The Kilmore Collection 1/15,1
name,The But n Ben ( Garden Bothy),1
name,Cute sleepout with stunning views,1
name,Lovely 1BR Apartment in Cashel Street,1
name,Christchurch Suburban Sanctury,1
name,A Perfect Stay - Last Minute Specials:3br+Garage,1
name,"Comfortable private room, Clean & quiet",1
name,5 bedrooms in New brighton,1
name,"Quiet Akaroa cabin for walkers, hikers & couples",1
name,Beautiful house near airport!,1
name,Sunny &cozy standard double bed waitting for you,1
name,"Private 2 Bedrooms, Bath & Lounge | 10 min Airport",1
name,"Two rooms in our Villa, 
on the edge of the CBD.",1
name,Modern Townhouse in Central Christchurch,1
name,Private 4BR Family Home • Free Parking •By Airport,1
name,Posh on Peterborough (3 bedroom/3 bathroom),1
name,Fun Character Cottage Private 4brms Airport 3 mins,1
name,Entire space & Self check-in,1
name,Airport 4 min Spacious 3BR Smart Toilet & Balcony,1
name,Modern 3 bedroom Townhouse close to City,1
name,4BR Central Townhouse | Family Friendly + Parking,1
name,House with breathtaking views over the bay,1
name,Sea View Family Stay Akaroa,1
name,Charming cottage for two. Pooch friendly.,1
name,Hagley Haven l A guest favourite,1
name,Happy Holidays :Last Minute Specials 3br& Garage,1
name,A beachy gateway with a view!,1
name,"Whole house-2 bed, 2 bathrooms garden and view",1
name,Happy Holidays :Last Minute Specials 3br & Garage,1
name,"Gorgeous Property,
Perfect Location, come stay.",1
name,Beautiful Villa on City Fringe,1
name,Modern 2 Bedroom Oasis Minutes From CBD,1
name,Cosy Loft 3.5 km city 8.5 km Airport,1
name,3brm Home near Christchurch CBD Pet friendly,1
name,My Little Cottage,1
name,Garden Serenity,1
name,Beachside Stay| Parking + EV Charger & Spa + Sauna,1
name,"Fantastic central location,stylish,5 star reviews",1
name,Sound of the ocean view of the garden,1
name,Free carpark - perfect inner city location,1
name,"Hotel Comfort | Ground Floor, City Apartment",1
name,Cinema-Central-6B ensuites-GamesRoom-Freeparking,1
name,Eliza House (Group Bookings - breakfast included),1
name,"Big value,quiet,2-bed(Q&S),B&B,nr city/uni/airport",1
name,Modern Cosy Unit - 8 mins to city centre.,1
name,Elevated Comfort in CBD | King beds | 6 guests,1
name,Fully Furnished 2 min walk to the stadium,1
name,Homey & cozy place near the CBD,1
name,Hidden Gem in the City,1
name,BRAND NEW apartment —1.5km to city centre!,1
name,A Hidden Gem right in City Centre,1
name,The Light Inn,1
name,3brm open plan fully fenced house near CBD,1
name,Double Sleepout with Ensuite & Kitchenette,1
name,Freyberg · Hagley Park doorstep,1
name,Holiday in a Paradise.,1
name,Sydenham villa · walk to The Colombo · parking,1
name,Cecil Views – Hilltop Coastal Retreat,1
name,3BR Family Cottage | warm in great location,1
name,A home away from home. Females only,1
name,3BR Family Cottage | Close to beach & hill walks,1
name,Little Blue Akaroa- Idyllic and Charming,1
name,The Chilean Home holidays,1
name,"Modern Gem – Clean, Fresh & Central room for rent",1
name,City Lights & Stadium Nights,1
name,"Modern 6BD Homes,Carpark, Avebury Park, Avon River",1
name,Banks cottage | Central city | Free Parking,1
name,Private 4BR Family Home | Parking | 4km to Airport,1
name,3BR Home Near Airport • Sleeps 6 • Free Parking,1
name,"Seabreeze Retreat New Brighton 
Private Getaway",1
name,"Double Sleepout with Ensuite, Fridge & Coffee",1
name,"Oasis in the city 
Walk to Stadium",1
name,Nook Tiny House,1
name,Midnight Haven Modern 3BR Near Airport FreeParking,1
name,Stay central. Stay stylish. Stay at The Pavilion.,1
name,Prime City Apartment Steps from Stadium,1
name,Charming Room in 2BHK House,1
name,"Brand New City Central 2 BR, rare 2 car Garage",1
name,Lake House Cozy Home VIP6,1
name,Prime Location! Cozy Apartment Near ONE NZ Stadium,1
name,Southarora House,1
name,"Modern
Clean
Close to airport
Free parking",1
name,Fully Private Granny Home – All Amenities Included,1
name,Derby St Townhouse,1
name,Steps to Stadium • Sleeps 5 • Central City Stay,1
name,Family-Friendly Riccarton Stay + Garage,1
name,Suite with a modern bathroom including breakfast,1
name,3BR Hornby Home | Sleeps 8 | Garage & Comfort Stay,1
name,Elevated Comfort | 2 mins to stadium | King beds,1
name,Central Lyttelton - sleeps 10,1
name,Banks cottage |City Centre | Free Parking,1
name,Central. Parking. GamesRoom. 6 ensuites.,1
name,"Modern City Stay
Very close to one NZ stadium",1
name,CBD Sleeps 5• Free Parking• Te Pai•Twn Hall•Casino,1
name,Beautiful Villa near CBD with Pool,1
name,Superhost | Fully setup Townhouse | AcrossStadium,1
name,Premium City Townhouse • Park • 3 Beds • 2 Baths,1
name,"7 mins from city, 2 mins to mall, petrol, grocery",1
name,Character Loft Studio Near CBD,1
name,"7 mins from city, 2 mins to mall, gated, peaceful",1
name,Available Private room in Christchurch,1
name,Private 4 Bed Room,1
name,"Private, Cosy & Unique, Near Dining, Airport 4 min",1
name,"Quiet Luxury Near Airport: Spa, Pool & Breakfast",1
name,Designer Townhouse | Walk to Te Kaha Stadium & CBD,1
name,"Rossall BnB- self contained, bkfast, 2k city. Bus",1
name,Standard Cabin,1
name,Modern City Townhouse | Walk to Stadium & CBD,1
name,Stylish City Retreat in the CBD + Parking,1
name,"Modern city centre apartment
near OneNZ Stadium",1
name,Spectacular Mt Pleasant Home with Panoramic Views,1
name,Heart of CBD House | Walk to One NZ Stadium,1
name,FREE Parking | Walk to One NZ Stadium | 2BR/2BA,1
name,spacey villa warm and secure,1
name,House of Boom,1
name,5 mins walk 2 WolfbrookArena 2 beds onsite parking,1
name,Twin/double in charming Chester St cottage,1
name,Luxury/BrandyNew 2 bedroom heart CDB,1
name,Modern Studio with Balcony — Heart of Chennai,1
name,City Retreat,1
name,CBD Madras Studio | City Views + Free Parking,1
name,Brand new stunning city apartment and free carpark,1
name,Central Luxury Stay | 3BR + 2 Carparks,1
name,Cental Apt | Walk to Te Pae & Stadium + Parking,1
name,City Escape • 3 Beds • Free Secure Park,1
name,King Ensuite close to CBD,1
name,Apartment 850m from the new Christchurch Stadium,1
name,Next to Airport,1
name,Sunny Cozy Home. Pet Friendly• Near Merivale/CBD,1
name,A Perfect Stay - Last Minute Specials: 3br& Garage,1
name,SEAS THE DAY | Ocean • Explore • Recharge,1
name,"Family friendly, pool/spa. Close to town and beach",1
name,"Secure, Private, Group friendly, Airport 4 min",1
name,Own bathroom including breakfast near mall,1
name,Family Home in Hornby | Parking & Backyard,1
name,"Homely Double Room, Free Breakfast,  & Parking",1
name,"Cozy Queen Room, Free Breakfast, & Parking",1
name,Blue Cottage - 2Bed City Fringe Retreat,1
name,Happy Holidays :Last Minute Specials 3br & Parking,1
name,Spacious 4BR Family Home • Parking • Near Airport,1
name,Merivale StylishTwo Bedroom Unit close to CBD,1
name,Airport Stay – Walk or Bus,1
name,"Seabreeze Retreat New Brighton 
Beach Relaxing",1
name,Pool Table & Hagley Park Funhouse,1
name,Flower House,1
name,Half of Family home in Lyttelton,1
name,Modern living near the city #5,1
name,The Hut by the River & Close to the Sea,1
name,City Views - Affordable Luxury 5kms From The City,1
name,"Peaceful retreat, golfer’s delight in Duvauchelle",1
name,Beach Tranquility in Tikao Bay,1
name,Modern and Inviting,1
name,Ensuite with Hot tub / Close to Airport,1
name,Contemporary 2BR Stay at Salisbury Street,1
name,Bright and Spacious Townhouse close to CHCH CBD,1
name,Tree House Hut - Across  the river,1
name,Huge Family Home in Akaroa,1
name,Sunny new Ensuite near City Centre + Free Parking,1
name,Harbour-View Master Suite with Pool Access,1
name,Best of all worlds. Beach & walks. Village & City,1
name,Sunny 3BR Haven: Modern Comfort for 7 with Carpark,1
name,Somerfield Statement: Bold 4BR House on Barrington,1
name,Lake House Cozy Home VIP2,1
name,Space for the boat at Le Bons Bay Bach,1
name,Executive home - central & sunny,1
name,Apartment 201 - 2BR | Prime central city location,1
name,Quiet Guest Suite • 8-min to Airport,1
name,Stay Warm Aleon Nestie｜Wigram 5BR House｜ Sleeps 11,1
name,Airport Convenient Hornby Locale,1
name,3BR CBD • Private• Next to Parakiore + Hagley Park,1
name,"“Room in Christchurch 5  Min to CBD, Clean&Comfy”",1
name,Panoramic City Views with Hot Tub,1
name,Across from Stadium. 1bed. Office set up.,1
name,no. 6 Private Single Room in Detached Sleepout,1
name,Peaceful and private in the city,1
name,"City Calm Retreat – 4BR, 6 Beds, 2.5BA sleeps 9!",1
name,Sunny Central Sumner Beach / Garage / Top 1 % Home,1
name,Heart of CHCH: Stylish 1 bdrm 2 bed  apartment,1
name,"Banks Cottage. 
Sleeps 6, free carpark",1
name,Private ground floor space with its own entrance,1
name,Apartment 201 - Prime central city location,1
name,Prime Spot- Brand New Luxury 1 Bed Apartment.,1
name,Modern Smart 3BR 2.5Bath Retreat | Top 5% Rated,1
name,*Prime Location* Latimer Square Central City,1
name,Rapa Nui themed Caravan in Ōtautahi,1
name,Cozy Town House - Walk to Stadium and Raceway,1
name,Victoria Jane Guest House~ 10 min to Chch airport,1
name,Glam escape High-End Living in Merivale,1
name,"Great value,B'fast,garden,spa,nr uni/airport/city",1
name,"""the place to be"",  safe and quiet, central.",1
name,Comfortable caravan experience,1
name,Heywood Delight,1
name,Walk to Stadium | Central Apt + Secure Carpark,1
name,Old Gem near the city Madras #B,1
name,Spa | Games Room | Parking | Garden | Central,1
name,Stylish Freemans Bay Flat | Steps to NZ Stadium,1
name,"Clovelly Cottage, Akaroa",1
name,"Central ChCh Studio – Modern, Quiet & Private",1
name,Happy Holidays: Last Minute Specials 3 br& Parking,1
name,Zion House | Modern & Cozy | near Airport,1
name,DowntownCutie across from Stadium. WFH set up.,1
name,Spacious Home -Sleeps 7-Near Airport & City,1
name,Inviting Unit close to beach,1
name,Elegant Coastal Escape with Pool and Harbour Views,1
name,"*CBD 3BR Stay• Walk to Hagley, CBD, Hosp, & Oval*",1
name,2BR • Walk to CBD • Parking • Pet-Friendly Yard,1
name,Garden Cottage Farmstay,1
name,"Available curtain room, pls book",1
name,a Quiet and warm family home,1
name,Wigram 5BR Home • Sleeps 11 • Family Friendly,1
name,Quiet sleepout close to airport and university,1
name,Walk 2 City •Parking •Next 2 Stadium •Washer/Dryer,1
name,"Cosy, peaceful En suite room - near airport",1
name,Room in Bright & Sunny Home! + Off-Street Parking,1
name,A Stay Worth Arriving For | 3BR Townhouse+Parking,1
name,Room in Riccarton own bathroom,1
name,Next to Margaret Mahy Playground With Free Parking,1
name,City living right in the CBD,1
name,The light Inn,1
name,Beachside Home in Sumner,1
name,New and Cosy on Salisbury Street - City Centre,1
name,9-Bedroom Christchurch City Villa - Sleeps 19,1
name,Midnight Haven Modern Escape,1
name,Lake House Cozy Home VIP3,1
name,New Unit on Wildberry,1
name,Riverside - in the heart of Chch city with carpark,1
name,A Perfect Stay - Last Minute Specials:3br & Garage,1
name,Lake House Cozy Home VIP1,1
name,"Secure, Cosy, 4brm Family Friendly, Airport 4 min",1
name,Family Home near Airport | Spacious & Parking,1
name,Spacious Home near Airport | Garden & Parking,1
name,STAY & PLAY - Family Retreat w Spa Games & More,1
name,"Boutique BNB closest to town, sleeps 6 own access",1
name,Spacious 4BR Family Home • Near Airport • Parking,1
name,"Welcome to our Villa, 
on the edge of the CBD.",1
name,"Homely Double Room, Free Tea, Coffee & Parking",1
name,Stylish 3BR CBD. Steps to Parakiore + Hagley Park,1
name,Casebrook Guest Suite - No cleaning fee,1
name,"Cozy Queen Room, Free Tea, Coffee & Parking",1
name,Modern Convenience in Merivale!,1
name,Sunny Private Room in Friendly Christchurch Home,1
host_name,Paula Kat Charlotte,1911
host_name,Care Property Stays,1274
host_name,Managed By Williams,1167
host_name,Ohana,920
host_name,Lily-SimplyHost,733
host_name,Bachcare,592
host_name,"Mayie, Judi And Karen At Bookahome",523
host_name,Hasslefree Accommodation,515
host_name,Min,430
host_name,Sharon,385
host_name,Paula Corinne,377
host_name,Maggie,315
host_name,Benjamin Dearden,286
host_name,Darren,261
host_name,Xihang,258
host_name,Adam,255
host_name,Jenny,233
host_name,Perfect Stays,220
host_name,Peng,214
host_name,North South Holiday Park,212
host_name,Devon,207
host_name,Kate,206
host_name,Sarah,202
host_name,Karen Louise,190
host_name,Andrew,187
host_name,Lexia Margaret,184
host_name,Jo,183
host_name,Michael,179
host_name,Samuel William,154
host_name,Karen,151
host_name,John,142
host_name,Drifter,130
host_name,Michelle,126
host_name,Katie,124
host_name,Jason,122
host_name,Hotel,121
host_name,Helen,120
host_name,Anna,119
host_name,Chao,117
host_name,Rachel,116
host_name,Lucy,115
host_name,Yaoyao,115
host_name,Tracey,112
host_name,David,111
host_name,Ashton,109
host_name,Alison,109
host_name,Rebecca,106
host_name,Emma,106
host_name,Angela,106
host_name,Bruce,105
host_name,Paul,105
host_name,Peter,104
host_name,Alicia,104
host_name,Stay At Christchurch Ltd,104
host_name,The MAC Property Team,103
host_name,Wendy,102
host_name,Breidi,101
host_name,Kelly,99
host_name,Lisa,98
host_name,Catherine,91
host_name,Kathryn,90
host_name,Wayne,88
host_name,Cheryl,88
host_name,Tracy,87
host_name,Judith,86
host_name,Stephanie,86
host_name,Jane,83
host_name,Haka House Hostel Christchurch,80
host_name,Amy,80
host_name,Simon,79
host_name,Tony,78
host_name,Stephen,77
host_name,Jay,76
host_name,Mary,75
host_name,Janine,73
host_name,Jill,71
host_name,Laura,71
host_name,Shannon,71
host_name,Tania,69
host_name,Liz,68
host_name,Anita Marie,66
host_name,Jessica,66
host_name,Rob,66
host_name,Megan,65
host_name,Matthew,64
host_name,Nick,64
host_name,Chris,64
host_name,Philip,63
host_name,Claire,63
host_name,Victoria,61
host_name,William,61
host_name,Daniel,61
host_name,Kim,60
host_name,Shelley,60
host_name,Fang,60
host_name,Steve,59
host_name,Louise,58
host_name,Tina,57
host_name,KTD Property Services Ltd,56
host_name,Rod,56
host_name,Prince,56
host_name,Joanna,56
host_name,Joanne,55
host_name,Jemima,55
host_name,Emily,55
host_name,Rachael,55
host_name,City Centre,55
host_name,Tung,55
host_name,Marilyn,55
host_name,Fiona,55
host_name,Ben,54
host_name,Colombo Lodge,54
host_name,Olivia,54
host_name,Barbara,54
host_name,Caroline,53
host_name,Nicole,52
host_name,Alexandria,49
host_name,Tiny Away NZ,49
host_name,Harmeet,49
host_name,Cathy,49
host_name,Grand Hotel Akaroa,48
host_name,Philippa,48
host_name,Dan,48
host_name,Tiaki BnB,47
host_name,James,47
host_name,Denise,46
host_name,Graham,46
host_name,Andrea,45
host_name,Hannah,45
host_name,Cranford Cottages And Motel,44
host_name,Su,44
host_name,Raj,44
host_name,Maree,44
host_name,Lesley And John,44
host_name,Melanie,44
host_name,Manpreet,44
host_name,Paula,44
host_name,Andy,44
host_name,Kauri,44
host_name,Josh,44
host_name,Vince,44
host_name,Mark,44
host_name,Mike,44
host_name,Thomas,43
host_name,Melissa,43
host_name,Martin Alejandro,43
host_name,Hennie,43
host_name,Tim And Jacqui,43
host_name,Venu,42
host_name,Gary,42
host_name,Benjamin,42
host_name,Danielle,42
host_name,Colleen,41
host_name,Kaye,41
host_name,Jackie,41
host_name,Leah,41
host_name,Karyn,41
host_name,Frances,41
host_name,Holly,41
host_name,Hari,40
host_name,Kerry,40
host_name,Robyn,40
host_name,Annabel,38
host_name,Charlotte,38
host_name,Yvonne,38
host_name,Punyadeep Singh,38
host_name,Annette,37
host_name,Carol,37
host_name,Christine,37
host_name,Timothy,37
host_name,Robert,37
host_name,Deborah,36
host_name,Serena,36
host_name,Joseph,36
host_name,Sue,36
host_name,Hao,36
host_name,Kimberley,36
host_name,Leanne,35
host_name,Elizabeth,35
host_name,Clare,35
host_name,Ian,35
host_name,Nicola,35
host_name,Happy Hideouts,35
host_name,Ross,35
host_name,Candy,35
host_name,Kevin,34
host_name,Jing,34
host_name,Julie,34
host_name,Shaun,34
host_name,Debbie,34
host_name,Canterbury Property Management,33
host_name,Susan,33
host_name,Sarbjit,33
host_name,Leigh,33
host_name,Vivienne,33
host_name,Tiffany,33
host_name,Richard,33
host_name,Josie,33
host_name,Donna,33
host_name,J&H House,33
host_name,Vincent,33
host_name,Dawn,33
host_name,Lynda,33
host_name,Amie,33
host_name,Stacey,33
host_name,Jess,33
host_name,Jennifer,33
host_name,Kelsey,33
host_name,Jack,33
host_name,Barry,32
host_name,Anny,32
host_name,Cor & Margo,32
host_name,Zoe,32
host_name,Brent,31
host_name,Anthy,31
host_name,Pratik,31
host_name,Vicky,31
host_name,Joshua,31
host_name,Sara,31
host_name,Tom,30
host_name,Tanya,30
host_name,Craig,30
host_name,Phoebe,30
host_name,Colleen & Shelley,30
host_name,Aashish,30
host_name,Deb,30
host_name,Hamish,29
host_name,Kavinda,29
host_name,Hazel,29
host_name,Lin,29
host_name,Clark,29
host_name,Margaret,29
host_name,Rose,29
host_name,Elena,28
host_name,Garry,28
host_name,Syed,28
host_name,Katarina Anne,28
host_name,Liliana,28
host_name,Zhen,28
host_name,InfinityEight,28
host_name,Geoff,27
host_name,Alice,27
host_name,Urban Accommodation In Christchurch City,27
host_name,Lou,27
host_name,Justine,27
host_name,Nicki,27
host_name,Simone,27
host_name,Ryan,27
host_name,Moon,26
host_name,Mei,26
host_name,Jackson,26
host_name,Beth,25
host_name,Deepak,25
host_name,Viki,25
host_name,Callum,25
host_name,Vinu,25
host_name,Gabrielle,25
host_name,Smart Staycation,24
host_name,Joel,24
host_name,Julia,24
host_name,Larry N Megan,24
host_name,Majestic Stays,24
host_name,Harry,24
host_name,Phil,24
host_name,Natalie,24
host_name,Erin,24
host_name,Mathew,24
host_name,Oliver,23
host_name,Caitlin,23
host_name,Alana,23
host_name,Hou Keet,23
host_name,Jed,23
host_name,Manav,23
host_name,Sally,23
host_name,Constantin,23
host_name,Gemma Alegre,23
host_name,Ruth,23
host_name,Sophie,23
host_name,Alex,23
host_name,Mel,22
host_name,Pearl,22
host_name,Millie,22
host_name,Lynne,22
host_name,Blake,22
host_name,Nadia,22
host_name,Emma & Fidel,22
host_name,Tony And Monique,22
host_name,Meikee,22
host_name,Marcus,22
host_name,V,22
host_name,Kieran,22
host_name,Shaun And Vanessa,22
host_name,Yvette,22
host_name,Karina,22
host_name,Tawny,22
host_name,Toni,22
host_name,Kendra,22
host_name,Bei,22
host_name,Nicole & Shane,22
host_name,Zane,22
host_name,Tara-Jayne,22
host_name,Ann,22
host_name,Elise,22
host_name,Bob,22
host_name,Sheun,22
host_name,Gemma,22
host_name,Kathrine,22
host_name,Marie,22
host_name,Po-Wen,22
host_name,Candice,22
host_name,Jeff,22
host_name,Sreela,22
host_name,Martin,22
host_name,Rudy And Bernie,22
host_name,Flora,22
host_name,Carla,22
host_name,Casa,22
host_name,Antje,22
host_name,Gayle,22
host_name,Terri,22
host_name,Rochelle,22
host_name,Raylene,22
host_name,Mei & Steven,22
host_name,Anji,22
host_name,Trish And Mark,22
host_name,Vance,22
host_name,Lux Property Care,22
host_name,Jeremy,22
host_name,Aimee,22
host_name,Karl,22
host_name,Samantha,22
host_name,Fiona Grace,22
host_name,Stuart,22
host_name,Janya,22
host_name,Despina,22
host_name,Lynette,22
host_name,Alisa Kate,22
host_name,Ellis,22
host_name,La Rochelle,21
host_name,Bonya,21
host_name,Heather,21
host_name,Lynnie,21
host_name,Jenna,21
host_name,Francesca,21
host_name,Lex,21
host_name,Sammi,21
host_name,Rowan,21
host_name,Joan,21
host_name,Jamie,20
host_name,Young,20
host_name,Jacqui,20
host_name,Belinda,20
host_name,Yan,20
host_name,Felicity,20
host_name,Anne,20
host_name,Shizheng,20
host_name,Linda,20
host_name,Simeon Henry,20
host_name,Krista,20
host_name,Alistair Natalie,20
host_name,Denny,20
host_name,Samuel,20
host_name,Gabby,19
host_name,Fabricio,19
host_name,Joy,19
host_name,Renee,19
host_name,Shiyao,19
host_name,Tori,19
host_name,Denis,19
host_name,Parisa,19
host_name,Jerry,19
host_name,Sean,19
host_name,Cameron,19
host_name,Coco,19
host_name,Natalia,19
host_name,Don,19
host_name,Mia,19
host_name,Gareth,19
host_name,Simi,19
host_name,Frank,19
host_name,Gill,19
host_name,Moses,18
host_name,Winnie,18
host_name,Penny,18
host_name,Trish,18
host_name,Fiorella,18
host_name,Kit,18
host_name,Alan,18
host_name,Diane,18
host_name,Sharmaine,18
host_name,Punam,17
host_name,Emile,17
host_name,Bonnie,17
host_name,Malcolm,17
host_name,Mengfei,17
host_name,Minh,17
host_name,Jun,17
host_name,Subhojit,17
host_name,Susanne,17
host_name,Sigrid,17
host_name,Susie,16
host_name,Nina,16
host_name,Bee,16
host_name,Kim And Tj,16
host_name,Tim,16
host_name,Pete & Tricia,16
host_name,Jojo,16
host_name,Jatin,16
host_name,Qing,16
host_name,Akaroa Lavender,16
host_name,Chelsea,16
host_name,Nathan,16
host_name,Amanda,16
host_name,Phyllis,16
host_name,Dale,16
host_name,Hayley,16
host_name,Katya,16
host_name,Lydia,16
host_name,Katrina,16
host_name,Kapil,16
host_name,Nikki And Chris,16
host_name,Heidi,16
host_name,Max,16
host_name,Pulkit,16
host_name,Elaine,16
host_name,Casey,16
host_name,Harriet,16
host_name,George,15
host_name,Dean,15
host_name,Ged,15
host_name,Anu,15
host_name,Hollie,15
host_name,Clara,15
host_name,Antoinette,15
host_name,Ronald Geoffrey,15
host_name,Ying,15
host_name,Brad,15
host_name,Lynley,15
host_name,Jen,15
host_name,Jessie,15
host_name,Annie,15
host_name,Airport Gateway Christchurch,15
host_name,Shelly,15
host_name,Brenda,14
host_name,Gillian,14
host_name,Chloe,14
host_name,Akiko,14
host_name,Nikki,14
host_name,Jared,14
host_name,Brendan,14
host_name,Kevan,14
host_name,Suzanne,14
host_name,Kathy,14
host_name,Kyla,14
host_name,Li,14
host_name,Justin,14
host_name,Rhys,14
host_name,Cam,14
host_name,Anthea,14
host_name,Gail,14
host_name,Dr Waqas,14
host_name,Nan,14
host_name,Liron,13
host_name,Brydie,13
host_name,Esther,13
host_name,Christopher,13
host_name,Ran,13
host_name,Harikrishnan,13
host_name,Grace,13
host_name,Caleb,13
host_name,Reshabh,13
host_name,Dee,13
host_name,Ingrid,13
host_name,Hilary,13
host_name,Leonie,13
host_name,Sandy,13
host_name,Shirley,13
host_name,Rakesh,13
host_name,Cecilia,13
host_name,Janice,12
host_name,Sue And Greg,12
host_name,Hongmei,12
host_name,Lulu,12
host_name,Cornelius & Margo,12
host_name,Arun,12
host_name,Pausina,12
host_name,Aaron,12
host_name,Brendon,12
host_name,Yi,12
host_name,Greystone Property Limited,12
host_name,Isabella,12
host_name,Summer,12
host_name,Pawan,12
host_name,Na,12
host_name,Nic,12
host_name,Nadine,12
host_name,Bridgette,12
host_name,Rodney Allen,12
host_name,Grant,12
host_name,Hengtao,12
host_name,Rahul,11
host_name,Kate And Simon,11
host_name,Faye,11
host_name,Chet,11
host_name,Liesbeth,11
host_name,Katy,11
host_name,Karolina,11
host_name,Noeleen,11
host_name,Jamie Lee,11
host_name,Gordon And Wendy,11
host_name,Veronica Mary,11
host_name,Lijo,11
host_name,Ulrike,11
host_name,Lucy And Callum,11
host_name,Lyle,11
host_name,Vicki,11
host_name,Mary Ann,11
host_name,Francis Rich,11
host_name,Kelera T,11
host_name,Sue & Tim,11
host_name,Gerda,11
host_name,Alicja,11
host_name,Tony & Brenda,11
host_name,Rosie,11
host_name,Cherie,11
host_name,Paul & Denise,11
host_name,Scott,11
host_name,J,11
host_name,Gregor,11
host_name,Gareth Sven,11
host_name,Lisette,11
host_name,Christine Joy,11
host_name,Richard Brooke,11
host_name,Kirsty,11
host_name,Danny,11
host_name,Mirjam,11
host_name,John Warwick,11
host_name,Roger,11
host_name,Chryssie,11
host_name,Xuemei,11
host_name,Giya,11
host_name,Yun-An,11
host_name,Kellie,11
host_name,Hung Thai,11
host_name,Bevan,11
host_name,Leana,11
host_name,Leeanne And David,11
host_name,Johanni,11
host_name,Disha,11
host_name,Donald,11
host_name,Shawn,11
host_name,Noby,11
host_name,Yani,11
host_name,June,11
host_name,Dave And Wendy,11
host_name,Dave,11
host_name,Ngaire And Paul,11
host_name,Bridget,11
host_name,Chun,11
host_name,Sutza,11
host_name,Gaye,11
host_name,Leah Mae,11
host_name,Liz & Gordon,11
host_name,Mani,11
host_name,Matt And Caroline,11
host_name,Ketan,11
host_name,Nelson And Therese,11
host_name,Justina,11
host_name,Sukhwinder,11
host_name,Gurvinder,11
host_name,Vicky & Vincent,11
host_name,Logan,11
host_name,Lukas,11
host_name,Molly,11
host_name,Denissa,11
host_name,Siobhan,11
host_name,Amelia,11
host_name,Behrooz,11
host_name,Nathalie Eugenie,11
host_name,Howard And Sarah,11
host_name,Janette,11
host_name,Jeff & Rosana,11
host_name,Christa,11
host_name,Rosina,11
host_name,Marion,11
host_name,Aleisha,11
host_name,Diann,11
host_name,Kaaren,11
host_name,Caro,11
host_name,Keisha,11
host_name,Linda Jean,11
host_name,Marine,11
host_name,Sonya Ann,11
host_name,Simon And Leah,11
host_name,Marianne,11
host_name,Happy-Home,11
host_name,Ellie,11
host_name,Shala,11
host_name,Suky,11
host_name,Sylvia,11
host_name,Rodney,11
host_name,Nz4u2u,11
host_name,Felicia,11
host_name,Raewyn,11
host_name,Bailey,11
host_name,Zach,11
host_name,Zelda,11
host_name,Jaime,11
host_name,Andrés,11
host_name,María Rosa,11
host_name,Alla Sergeevna,11
host_name,Tonia,11
host_name,Vanessa And Alex,11
host_name,Lucil,11
host_name,Jeanette,11
host_name,Maurice,11
host_name,Virginia,11
host_name,Brittany,11
host_name,Eru And Averil,11
host_name,José Alexandre,11
host_name,Lynden,11
host_name,Amandeep,11
host_name,Anh Khoa,11
host_name,Celyn,11
host_name,Polly,11
host_name,Elisa,11
host_name,Cadmiel,11
host_name,Edgar,11
host_name,Natasha,11
host_name,Martin And Myra,11
host_name,Rickwan,11
host_name,Meg,11
host_name,Kim And Mandy,11
host_name,Kanchana Udayanthi,11
host_name,Cushla,11
host_name,Kari,11
host_name,Vanessa,11
host_name,Meedoo,11
host_name,Sophia Ashford,11
host_name,Carol & Ken,11
host_name,Ann-Marie,11
host_name,Kath,11
host_name,Ads,11
host_name,Lesley,11
host_name,Dhruv,11
host_name,Rachelle,11
host_name,Guadalupe,11
host_name,Nichola,11
host_name,Alethea,11
host_name,Qin,11
host_name,Ajeet,11
host_name,Ellen,11
host_name,Jody,11
host_name,Elijah,11
host_name,Alina,11
host_name,Francine Audrey,11
host_name,Rajni,11
host_name,Maria E,11
host_name,Warren,11
host_name,Michele And Andrew,11
host_name,Jielian,11
host_name,Chay,11
host_name,Juliet,11
host_name,Spark & Angela,11
host_name,Maxine,11
host_name,Arlene,11
host_name,Ollie,11
host_name,Gavin,11
host_name,Heer,11
host_name,Jozefa,11
host_name,Oonagh,11
host_name,Paris,11
host_name,Bryce,11
host_name,Jenny & Tony,11
host_name,Kimberly,11
host_name,Fiona And Steven,11
host_name,Saravanan,11
host_name,Paulette,11
host_name,Tracy & Phil,11
host_name,David Campbell,11
host_name,Allen,11
host_name,Theadora,11
host_name,Gurbir,11
host_name,Ange,11
host_name,Lyndsay,11
host_name,Lana,11
host_name,Georgina,11
host_name,Jonathan,11
host_name,Rufus,11
host_name,Katherine,11
host_name,Shona,11
host_name,Somalay,11
host_name,Gift,11
host_name,Christopher David,11
host_name,Lina,11
host_name,Grant & Ana,11
host_name,Yuri,11
host_name,Dane,11
host_name,Diana,11
host_name,Rollo,11
host_name,Monique,11
host_name,Shayna,11
host_name,Marianne & John,11
host_name,Antony,11
host_name,Ursula,11
host_name,Andrew And Sue,11
host_name,Pond,11
host_name,Alexander,11
host_name,Mieke,11
host_name,Ankita,11
host_name,Carolyn,11
host_name,Leon,11
host_name,Lynn,11
host_name,Alaine,11
host_name,Garth,11
host_name,Jaspreet,11
host_name,Debby,11
host_name,Hiroshi,11
host_name,Ha,11
host_name,William Richard,11
host_name,Ailsa,11
host_name,Kanyakorn,11
host_name,Anthony David,11
host_name,Ravi,11
host_name,Nguyen Hoang,11
host_name,Jules,11
host_name,Rosemarie And Ramon,11
host_name,Roy,11
host_name,Ramesh,11
host_name,Shar,11
host_name,Maureen,11
host_name,Dene,11
host_name,Gregory,11
host_name,Gemma Nicole,11
host_name,Jianzhong,11
host_name,Cara,11
host_name,Elissia,11
host_name,Bizz,11
host_name,Alyssia&Frank,11
host_name,Brie,11
host_name,Ting,11
host_name,Qaiser,11
host_name,Elfi,11
host_name,Arshi,11
host_name,Tia,11
host_name,Russell,11
host_name,Annabel And Clare & Richard,11
host_name,Francis,11
host_name,Chikako,11
host_name,Sasha,11
host_name,Sharyn,11
host_name,Yudee,11
host_name,Terra-Lynn,11
host_name,Rosanna,11
host_name,Kenn,11
host_name,Muk,11
host_name,Annalise,11
host_name,Marisa,11
host_name,Natalie-Rose,11
host_name,Fionnghaile,10
host_name,Theresa,10
host_name,Ella,10
host_name,Murtaza,10
host_name,Jane Zhang,10
host_name,Wei,10
host_name,Syamimi,10
host_name,Lilly,10
host_name,Mansi,10
host_name,Jiali,10
host_name,Robin,10
host_name,Jatinder,10
host_name,Rachel & Brian,10
host_name,Jd,10
host_name,Xuejiao,10
host_name,Jocelyn,10
host_name,Art,10
host_name,Lianne,10
host_name,Elly,10
host_name,Vikramjit,10
host_name,Qing Yu,10
host_name,Bronnie And Andie,10
host_name,Tania Lisa,10
host_name,Kahu,10
host_name,Maura,10
host_name,Angela Jane,10
host_name,April,10
host_name,Saluka,10
host_name,Arielle,10
host_name,Andrée,10
host_name,Hackthorne Gardens,10
host_name,Costa,10
host_name,Yu,10
host_name,Prachi,10
host_name,Lauris,10
host_name,Sue & Greg,10
host_name,Aj,10
host_name,Patricia,10
host_name,Sunny,10
host_name,Courtney,10
host_name,Gordon,10
host_name,Patrick Arthur Hume,10
host_name,Yulin,9
host_name,Anil,9
host_name,Miriama,9
host_name,Di,9
host_name,Hayden Jones,9
host_name,Asmaa,9
host_name,Michele,9
host_name,Jeone,9
host_name,晓玉,9
host_name,Joper,9
host_name,Moana,9
host_name,Nicky,9
host_name,Claudia,9
host_name,Wilfred,9
host_name,Mariel,9
host_name,Ansh,9
host_name,Stacey Karen,9
host_name,Ed,9
host_name,Shatrughan,9
host_name,Ben And Rachel,9
host_name,Phillippa,9
host_name,Ruby,9
host_name,Anton,9
host_name,Analia,9
host_name,Eve,9
host_name,Lucia,9
host_name,Luis Esteban,9
host_name,Satish,9
host_name,Machi & Roger,9
host_name,Damein,9
host_name,Keryn,9
host_name,Barbara Marilyn,9
host_name,Lux BnB Care,9
host_name,Tiny Away,9
host_name,Mohd Ner Hanif,9
host_name,Marjorie,9
host_name,Nancy,9
host_name,Mehek Lalit,9
host_name,Odhran,9
host_name,Jenny & John,9
host_name,Briedi,9
host_name,Bhaskar,9
host_name,Tejada,9
host_name,Aoife,9
host_name,Rameez,8
host_name,Maddy,8
host_name,Guy,8
host_name,Lucky,8
host_name,Nashi,8
host_name,Dondon & Rinnai,8
host_name,Shara,8
host_name,Cynthia,8
host_name,Vinnie Sharma,8
host_name,Caroline And Mike,8
host_name,Diego,8
host_name,Kimmy,8
host_name,Dan & Mary,8
host_name,Jayne,8
host_name,Lizzie,8
host_name,Sandra And Daryn,8
host_name,Sarwat,8
host_name,Joel & Gerry,8
host_name,Billy,8
host_name,Shana,8
host_name,Kaylene,8
host_name,Issy,8
host_name,Kris,8
host_name,Moneel,8
host_name,Kelvin,8
host_name,Debi,8
host_name,Harper,8
host_name,Elizabeth Amio,8
host_name,Jag,8
host_name,Narender,8
host_name,Dhiren,8
host_name,Paul & Marie,8
host_name,Johanna,8
host_name,Sai,8
host_name,Sarah And Richard,8
host_name,Johann,8
host_name,Crystal,8
host_name,Arran And Annie,8
host_name,Skylar,8
host_name,Nins,8
host_name,Stony Bay Retreat,8
host_name,Bernadette Smith,8
host_name,Jon,8
host_name,Phil & Dan,8
host_name,Adorable House,8
host_name,Yingzi,8
host_name,Jacinta And Marc,8
host_name,Beck,8
host_name,Karen & Paul,8
host_name,Dave & Anne,8
host_name,Pam,8
host_name,Tamara,8
host_name,Joy And Brendon,8
host_name,Suzie,8
host_name,Genevieve,8
host_name,Detroit,8
host_name,Gareth & Jamie,8
host_name,Rianne,8
host_name,Jamerson,8
host_name,Janee,8
host_name,Randal And Heather,8
host_name,Andrei & June,8
host_name,Carolyn And Alan,8
host_name,Anali,8
host_name,August,8
host_name,Bhupinder,8
host_name,Eilish,8
host_name,Becca,8
host_name,Steven,8
host_name,Nancy And Matt,8
host_name,Sonja,8
host_name,Jens,8
host_name,Tim & Sal,8
host_name,Naicy George,8
host_name,Mini & Jay,8
host_name,Cosy Hut,8
host_name,Rossall BnB,8
host_name,Patrícia Inêz,8
host_name,Alisa,8
host_name,Hazel And Trevor,8
host_name,Danni,8
host_name,Rj,8
host_name,Navdeep Singh,8
host_name,Jules & Mark,8
host_name,Kay,8
host_name,Lily Li,8
host_name,Bev,8
host_name,Ameen,8
host_name,Abin,8
host_name,Ram,8
host_name,Helena,8
host_name,Philippe,8
host_name,Cindy,8
host_name,Hugo,8
host_name,Barb,8
host_name,Mahe,8
host_name,Faya And Ed,8
host_name,Yugal,8
host_name,Pat,8
host_name,Bon,8
host_name,Sandi,8
host_name,Tehila,8
host_name,The Polson Family,8
host_name,PurePods,8
host_name,Chris And Jen,8
host_name,Sya,8
host_name,Linlin,8
host_name,Julian,8
host_name,Gabriella,8
host_name,David And Claire,8
host_name,Ros,8
host_name,Kirstin,8
host_name,Blasia Ee,7
host_name,Becs And Ash,7
host_name,Cecile,7
host_name,Edith,7
host_name,Evelyn,7
host_name,Canterbury Corner,7
host_name,Yumeng,7
host_name,Jhonny,7
host_name,Luke,7
host_name,Shaan,7
host_name,Siyan,7
host_name,Kloe,7
host_name,Zoez,7
host_name,Rainiell,7
host_name,Chris And Helen,7
host_name,Jean,7
host_name,Allison,7
host_name,Connor,7
host_name,Lalita,7
host_name,Erica,7
host_name,Giana,7
host_name,Cillin,7
host_name,Luci,7
host_name,Vivian,7
host_name,Jiyoung,7
host_name,Malcolm & Linda,7
host_name,Adrien,7
host_name,Neil,7
host_name,Gil,7
host_name,Gian,7
host_name,Zinzan,7
host_name,Stella,7
host_name,Geoff And Jan,7
host_name,Plivia,7
host_name,Christianne,7
host_name,Lorcan,6
host_name,Arshdhillon,6
host_name,Michael Lance,6
host_name,Sarita,6
host_name,Marrieke,6
host_name,Jo And Lance,6
host_name,Deepinder,6
host_name,Edwin Andre,6
host_name,Peter Michael,6
host_name,Matt,6
host_name,Bee Swan,6
host_name,Robin Stuart,6
host_name,Matt Long - Plux Stays,6
host_name,Aely,6
host_name,Tanja,6
host_name,Clive,6
host_name,Gadith,6
host_name,Kerri,6
host_name,Gerard,6
host_name,Mee,6
host_name,Shan,6
host_name,Charanpreet,6
host_name,Plux Stays,6
host_name,Paolla,6
host_name,Konrad,6
host_name,Brooke,6
host_name,Lu,6
host_name,Selina,6
host_name,Glen & Esther,6
host_name,Abigail,6
host_name,Alica,6
host_name,Jennifer Jane,6
host_name,Dougal,6
host_name,Jack Anthony,6
host_name,Vladimir,6
host_name,Sarena,6
host_name,Bernard,6
host_name,Yifan,6
host_name,Birendra,6
host_name,Elizabeth Catherine,6
host_name,Rocio,6
host_name,Jaz,6
host_name,Cristina,6
host_name,Abie,6
host_name,Nicki & Andrew,6
host_name,Nicola Maree,6
host_name,Bridie,6
host_name,Clive Anthony,6
host_name,Charlotte And Chad,6
host_name,John Lee,6
host_name,Megan And Ra,6
host_name,Shoshana,6
host_name,Corrina,6
host_name,Kath- MK HOMES,6
host_name,Helena Elizabeth,6
host_name,Tejas,6
host_name,Stefano,6
host_name,Harpreet,6
host_name,Kathryn Anne,6
host_name,Paramjeet Singh,6
host_name,Navin,6
host_name,Keishana Louise Claire,6
host_name,Ricky,6
host_name,Kyle,6
host_name,Phil & Jo,6
host_name,Te Kaha View,6
host_name,Lynda Abrahams,6
host_name,Wan Yu,6
host_name,Craig & Kellie,6
host_name,Gaynor,6
host_name,Leona,6
host_name,Arathi,6
host_name,Richie,6
host_name,Samantha Rosemary,6
host_name,Leisa,6
host_name,Moonseok,6
host_name,Aussie,6
host_name,Valesh Dadi,6
host_name,Gayan,6
host_name,Birga,6
host_name,James & Yuko,6
host_name,Cathie,6
host_name,Manoj,6
host_name,Niko,6
host_name,Mario,6
host_name,Bogdan,6
host_name,Vinni,6
host_name,Tuck Chin,6
host_name,Seonaid,5
host_name,Char,5
host_name,Ashleigh & Liam,5
host_name,Mandy,5
host_name,Glenn,5
host_name,Miriam,5
host_name,Tissa,5
host_name,Varsha,5
host_name,Antonio,5
host_name,Zhishuo,5
host_name,Jesley,5
host_name,Valerie,5
host_name,Wel,5
host_name,Georgia,5
host_name,Harvinder,5
host_name,Greg,5
host_name,Lyann,5
host_name,Tilaram,5
host_name,Zhou,5
host_name,Noriko,5
host_name,Shelagh,5
host_name,Kathleen,5
host_name,Louise Margaret,5
host_name,Madhu,5
host_name,L D,5
host_name,Will,5
host_name,Giyo,5
host_name,Phuong My,5
host_name,Chiara,5
host_name,Jonathan Allan,5
host_name,Vita,5
host_name,Saskia,5
host_name,Haoming,5
host_name,Parm,5
host_name,Sam,5
host_name,Corey,5
host_name,Guri,5
host_name,Mausmi,5
host_name,Siyao,5
host_name,Michalina,5
host_name,Priya,5
host_name,Nikita,5
host_name,Deanna,5
host_name,Shubham Deep,5
host_name,John And Christine,5
host_name,GlampingHub,5
host_name,Yuki,5
host_name,Leasa,4
host_name,Navjot,4
host_name,Wenjia,4
host_name,Bev From Plux Stays,4
host_name,Peter And Nancy,4
host_name,Eun Sarah,4
host_name,Bill,4
host_name,Hayden,4
host_name,Hollie Dearden,4
host_name,Beth And Gary,4
host_name,Anjli,4
host_name,Akshay,4
host_name,Moon Jung,4
host_name,Verity,4
host_name,Wei Caland Govt Nz,4
host_name,Beverley Pamela,4
host_name,Tayler,4
host_name,Mohammad,4
host_name,Vatan,4
host_name,Theresa Katherine Eve,4
host_name,Faith,4
host_name,Lily,4
host_name,Mohi,4
host_name,Indira,4
host_name,Aya,4
host_name,Lucas,4
host_name,Aarish,4
host_name,Sachi,4
host_name,Alexandra,4
host_name,Maryam,4
host_name,Rayna Diane,4
host_name,Jennifer Anne,4
host_name,Krutik,4
host_name,Jehuda,4
host_name,Nadiah,4
host_name,Ron,4
host_name,Naveen,4
host_name,Shanae,4
host_name,Rain,4
host_name,Nikesha,4
host_name,Try William,4
host_name,Nicholas,4
host_name,Mannie,4
host_name,Guoyong,4
host_name,Madeline,4
host_name,Steven & Amanda,4
host_name,Colin,4
host_name,Christina,4
host_name,Ruimin,4
host_name,Janene,3
host_name,Anupriya,3
host_name,Anushka,3
host_name,Cathedral Tram Gem,3
host_name,Matt & Ana,3
host_name,Kavankumar Kanubhai,3
host_name,Payam,3
host_name,Ben Law,3
host_name,Eric,3
host_name,Nirav,3
host_name,Radhika,3
host_name,Barry And Ellie,3
host_name,Donevon,3
host_name,Lor,3
host_name,Jodi Ann,3
host_name,Jacinta,3
host_name,Fengwei,3
host_name,Rob And Jane,3
host_name,Nell,3
host_name,Lauren Alexandra,3
host_name,The City Nest Stay,3
host_name,Angela And Steve,3
host_name,Sunil,3
host_name,Andrew Harry Malcolm,3
host_name,Fawziyah,3
host_name,Mana,3
host_name,Kiran,3
host_name,Sarah Jane,3
host_name,Phillip,3
host_name,Selvi,3
host_name,Christian,3
host_name,Rodesa,3
host_name,Deana,3
host_name,Yang Chi,3
host_name,Alarice Kae,3
host_name,Jagdeep,3
host_name,Kee Chuang,3
host_name,Tejaskumar Jayeshkumar,3
host_name,Gurjant,3
host_name,Tania Rose,3
host_name,John Charles,3
host_name,Sonja Melinda,3
host_name,Pehimana,3
host_name,Joanne Lee,3
host_name,Yanwei,3
host_name,Jake,3
host_name,Ing Ing,3
host_name,Thomas Guy,3
host_name,Jiaxun,3
host_name,Kyung Jun,3
host_name,Phasitt,3
host_name,Elisabeth,3
host_name,Suzanna Jane,3
host_name,Shanise,3
host_name,Matthew Guy,3
host_name,Hjortur,3
host_name,David Vincent,3
host_name,Lourina,3
host_name,静毅,3
host_name,Joanne Lesley,3
host_name,Thrwat,3
host_name,Gishnu,3
host_name,Eloise,3
host_name,Thi Hau,3
host_name,Ruihua,3
host_name,Carolyn Jane,3
host_name,Francis Robert,3
host_name,Bixia,3
host_name,Barbara Maree,3
host_name,Pamela Marie,3
host_name,Annette Linda,3
host_name,Ismael,3
host_name,Zhaohua,3
host_name,Neil Wisely,3
host_name,Quanxin,3
host_name,Youn Sun,3
host_name,Mj,3
host_name,Prisca,3
host_name,Froukje Franceintje,3
host_name,Naicy,3
host_name,Daryn,3
host_name,Liuyu,3
host_name,Eva,3
host_name,Philippe Alain,3
host_name,Bobby-Lee,3
host_name,Mike And Caroline,3
host_name,Ian Douglas,3
host_name,Purushottam,3
host_name,Eddie,3
host_name,Sridivya,3
host_name,Boikanyo,3
host_name,Geoffrey Charles,3
host_name,Kay Lynette,3
host_name,Zhaoyan,3
host_name,Jane Ellen Grace,3
host_name,Lucas Stephen,3
host_name,Suranjan Rajitha,3
host_name,Pavel,3
host_name,Mengting,3
host_name,Kristine,3
host_name,Lucinda Katherine,3
host_name,Shishen,3
host_name,Janet,3
host_name,Narsimooloo,3
host_name,Sanjo Vincent,3
host_name,Georgina Helen,3
host_name,Pamela Bronwyn,3
host_name,Anilkumar,3
host_name,Susan Margaret,3
host_name,Satinder Pal,3
host_name,Liang,3
host_name,Ganeshamurthy,3
host_name,Jue,3
host_name,Charles Philip,3
host_name,Suze,3
host_name,Nickleshi,3
host_name,Thushantha,3
host_name,Robyn Glynn,3
host_name,Zani,3
host_name,Svetlana,3
host_name,Joyce,3
host_name,Jens Martin,3
host_name,Bettina,3
host_name,Corbon,3
host_name,Beverley,3
host_name,Johannes Frederik,3
host_name,Patricia Ann,3
host_name,Qingying,3
host_name,Aurora,3
host_name,Elizabeth Anne,3
host_name,Elizabeth Jane,3
host_name,Parminder Singh,3
host_name,Qian,3
host_name,Faezeh,3
host_name,Vineshni,3
host_name,Rebecca Catherine Bell,3
host_name,Jillian Margaret,3
host_name,Junjiao,3
host_name,Christopher Nathaniel,3
host_name,Debra Margaret,3
host_name,Randal David,3
host_name,Paras,3
host_name,YooMi,3
host_name,Praveen,3
host_name,Jo-Anne,3
host_name,Gwenyth Margaret,3
host_name,Detroit Wiremu Reagan,3
host_name,Melisa,3
host_name,Stephen David,3
host_name,Geovana Lage,3
host_name,Cancheng,3
host_name,M,3
host_name,Mena,3
host_name,Nicholas Charles,3
host_name,Sabrina,2
host_name,Seamus & Anne,2
host_name,Nabeel,2
host_name,Michiel,2
host_name,Mélanie,2
host_name,Warrick,2
host_name,Puru,2
host_name,Johnny,2
host_name,Georgie,2
host_name,Irwin,2
host_name,Ariana,2
host_name,Jind K,2
host_name,Rush,2
host_name,Machi And Roger,2
host_name,Satinder Kaur,2
host_name,Gwenn,2
host_name,Arjun,2
host_name,Parth,2
host_name,Jesse,2
host_name,Rose Brown,2
host_name,Sanjo,2
host_name,Nadja,2
host_name,Gregory Paul,2
host_name,Sandeep,2
host_name,Sri,2
host_name,Patrícia,2
host_name,Victor,2
host_name,Jodi,2
host_name,Hana,2
host_name,Sirjan,2
host_name,Lillian,2
host_name,Khymne,2
host_name,Komal,2
host_name,Leaoa,2
host_name,Georgina Elizabeth,2
host_name,Soni,2
host_name,Mélissa,2
host_name,Yogesh,2
host_name,Xia,2
host_name,Celine,2
host_name,Abdelrahman Abdelrazek Tolba,2
host_name,Isabel,2
host_name,Ravinder Singh,2
host_name,Jade,2
host_name,Kimberley Jane,2
host_name,Neill,2
host_name,Timothy Peter,2
host_name,Pawandeep,2
host_name,Yajin,2
host_name,Qazi,2
host_name,Venkata,2
host_name,Jayat,2
host_name,Ashleigh,2
host_name,Febin,2
host_name,Liz Amio,2
host_name,Arnel,2
host_name,Julio Cesar,2
host_name,Joanne Helen,2
host_name,Alison And Kirsten,2
host_name,Penelope Helen,2
host_name,Fleur,2
host_name,Zia,2
host_name,Rosalie,2
host_name,Jasneet Singh,2
host_name,Deborah Louise,2
host_name,Lenny,2
host_name,Jacquie,1
host_name,Kush,1
host_name,Iliya,1
host_name,Renata,1
host_name,Jenny And John,1
host_name,⁨秀秀Joy（基督城民宿）⁩,1
host_name,Kirsten,1
host_name,Jagpreet,1
host_name,Alexa & Yana,1
host_name,Preston,1
host_name,Fran,1
host_name,Jarmanjeet,1
host_name,Briar,1
host_name,Troy,1
host_name,Karthik,1
host_name,Traeh,1
host_name,Satinder,1
host_name,Timothy James,1
host_name,Sukhmeet,1
host_name,Rainer & Juliana,1
host_name,Neilus,1
host_name,Kevin And Tania,1
host_name,Ganesh,1
host_name,Cassandra,1
host_name,Kerri  Rae,1
host_name,Yingming,1
host_name,Jez,1
host_name,Akhil,1
host_name,Carmel Mary,1
host_name,,1
host_name,RBE Vacation Homes,1
host_name,Mahendran,1
host_name,Sahil,1
host_name,Dylan,1
host_name,Bui,1
host_name,Xiaoyu,1
host_name,Iqbal,1
host_name,Giang Nguyet,1
host_name,Emma & Grant,1
host_name,Faisal,1
host_name,Brian,1
host_name,Dionne Melodi,1
host_name,Mark Shane,1
host_name,Valeswara Rao,1
host_name,Naison,1
host_name,Sumit,1
host_name,Sukhpreet,1
host_name,Sandip,1
host_name,Juan Manuel,1
host_name,Indranil,1
host_name,Bianca,1
host_name,Vijay,1
host_name,Even,1
host_name,Varun,1
host_name,Phuong,1
host_name,Xianning,1
host_name,Teresa,1
host_name,Hoieng,1
host_name,Vera,1
host_name,Jagat,1
host_name,Bronwyn,1
host_name,Marie Jane,1
host_name,Nadene,1
host_name,Rupinder Kaur,1
host_name,Manoji,1
neighbourhood_group,Christchurch City,35796
neighbourhood,Central Ward,13214
neighbourhood,Banks Peninsula Ward,4358
neighbourhood,Heathcote Ward,2562
neighbourhood,Riccarton Ward,2318
neighbourhood,Fendalton Ward,1949
neighbourhood,Halswell Ward,1369
neighbourhood,Spreydon Ward,1310
neighbourhood,Innes Ward,1288
neighbourhood,Cashmere Ward,1243
neighbourhood,Coastal Ward,1119
neighbourhood,Harewood Ward,1118
neighbourhood,Waimairi Ward,1104
neighbourhood,Linwood Ward,835
neighbourhood,Papanui Ward,800
neighbourhood,Hornby Ward,747
neighbourhood,Burwood Ward,462
room_type,Entire home/apt,28291
room_type,Private room,7161
room_type,Hotel room,301
room_type,Shared room,43
last_review,,3234
last_review,2026-02-28,448
last_review,2026-04-26,381
last_review,2026-04-18,272
last_review,2026-05-31,269
last_review,2026-05-16,252
last_review,2026-04-19,245
last_review,2026-02-14,244
last_review,2026-03-07,242
last_review,2026-03-01,228
last_review,2026-07-11,226
last_review,2026-02-07,224
last_review,2025-10-26,211
last_review,2026-03-14,210
last_review,2025-10-04,205
last_review,2026-04-05,204
last_review,2025-02-22,202
last_review,2026-04-11,195
last_review,2026-05-10,191
last_review,2026-01-01,188
last_review,2026-01-17,187
last_review,2025-12-06,185
last_review,2025-11-08,181
last_review,2026-05-17,177
last_review,2026-04-17,171
last_review,2026-04-12,171
last_review,2026-04-27,169
last_review,2025-09-27,168
last_review,2026-07-04,165
last_review,2026-02-08,164
last_review,2026-04-16,159
last_review,2026-01-10,158
last_review,2026-01-31,157
last_review,2026-04-25,155
last_review,2026-03-15,153
last_review,2026-02-12,153
last_review,2026-01-11,151
last_review,2026-04-06,151
last_review,2026-01-02,150
last_review,2026-05-23,150
last_review,2026-06-06,144
last_review,2026-01-09,142
last_review,2026-07-12,142
last_review,2026-02-13,139
last_review,2025-11-29,139
last_review,2026-05-09,135
last_review,2025-12-07,134
last_review,2026-05-30,131
last_review,2025-11-01,130
last_review,2026-02-27,129
last_review,2026-03-08,127
last_review,2026-07-05,127
last_review,2026-01-24,127
last_review,2026-01-18,126
last_review,2026-01-03,125
last_review,2025-11-30,124
last_review,2026-02-06,123
last_review,2025-12-04,121
last_review,2026-03-09,120
last_review,2026-03-17,119
last_review,2026-01-08,117
last_review,2026-03-02,116
last_review,2025-10-03,116
last_review,2025-10-02,116
last_review,2026-03-13,115
last_review,2026-07-10,114
last_review,2026-04-09,113
last_review,2026-04-04,112
last_review,2026-04-15,112
last_review,2026-05-02,111
last_review,2026-06-01,111
last_review,2025-10-25,109
last_review,2026-06-13,109
last_review,2025-11-15,108
last_review,2025-11-22,108
last_review,2026-01-04,108
last_review,2026-03-28,107
last_review,2026-01-16,107
last_review,2026-07-13,107
last_review,2025-12-31,107
last_review,2026-03-16,107
last_review,2025-11-09,107
last_review,2026-02-21,106
last_review,2026-07-09,106
last_review,2026-01-20,106
last_review,2026-03-21,104
last_review,2026-01-19,104
last_review,2026-01-05,104
last_review,2026-08-08,104
last_review,2026-01-25,102
last_review,2026-03-20,101
last_review,2025-09-29,99
last_review,2026-02-10,99
last_review,2026-01-12,98
last_review,2026-02-15,97
last_review,2026-05-08,97
last_review,2026-03-06,97
last_review,2026-05-18,97
last_review,2026-01-22,97
last_review,2025-12-27,97
last_review,2026-05-24,96
last_review,2026-01-15,96
last_review,2026-03-19,95
last_review,2026-02-26,94
last_review,2026-01-13,94
last_review,2026-07-07,93
last_review,2026-04-07,93
last_review,2026-06-07,93
last_review,2025-10-05,93
last_review,2026-02-01,92
last_review,2025-11-27,92
last_review,2026-04-13,92
last_review,2025-09-20,90
last_review,2026-04-28,90
last_review,2026-01-30,90
last_review,2026-03-05,90
last_review,2026-01-07,90
last_review,2026-07-08,90
last_review,2026-02-09,90
last_review,2025-10-01,89
last_review,2025-10-27,88
last_review,2026-03-12,88
last_review,2026-01-21,87
last_review,2025-11-23,86
last_review,2025-12-05,86
last_review,2026-06-21,85
last_review,2025-02-23,85
last_review,2025-11-02,84
last_review,2025-11-28,84
last_review,2026-02-11,82
last_review,2026-04-14,81
last_review,2025-11-07,80
last_review,2026-01-14,80
last_review,2025-12-08,80
last_review,2026-06-20,79
last_review,2026-04-20,79
last_review,2025-09-21,78
last_review,2026-06-27,78
last_review,2026-02-22,78
last_review,2025-09-30,77
last_review,2026-06-14,77
last_review,2026-02-23,77
last_review,2025-09-28,77
last_review,2026-04-10,76
last_review,2026-08-01,76
last_review,2026-05-15,75
last_review,2026-03-18,75
last_review,2025-11-26,75
last_review,2026-08-09,74
last_review,2025-09-26,74
last_review,2026-05-03,73
last_review,2026-07-18,72
last_review,2026-01-28,72
last_review,2026-01-29,72
last_review,2026-03-29,72
last_review,2025-12-28,72
last_review,2026-07-25,71
last_review,2026-07-06,71
last_review,2025-12-02,71
last_review,2026-05-04,71
last_review,2025-11-05,70
last_review,2026-02-05,70
last_review,2025-11-25,70
last_review,2026-05-07,69
last_review,2025-12-30,69
last_review,2026-03-10,69
last_review,2026-06-28,67
last_review,2026-03-03,67
last_review,2026-06-05,67
last_review,2025-11-20,67
last_review,2026-03-27,67
last_review,2025-04-19,66
last_review,2025-12-01,65
last_review,2026-01-23,65
last_review,2026-01-26,65
last_review,2026-04-03,65
last_review,2026-06-18,64
last_review,2026-05-22,64
last_review,2026-03-04,64
last_review,2025-12-09,64
last_review,2026-04-30,63
last_review,2026-01-06,63
last_review,2025-10-31,63
last_review,2025-12-03,62
last_review,2025-09-23,62
last_review,2025-11-06,62
last_review,2026-03-11,62
last_review,2026-04-24,62
last_review,2026-05-19,62
last_review,2026-04-08,62
last_review,2025-09-25,61
last_review,2025-11-10,61
last_review,2025-11-04,60
last_review,2026-03-22,60
last_review,2025-09-22,60
last_review,2025-10-18,60
last_review,2026-08-02,59
last_review,2025-11-24,58
last_review,2025-10-11,58
last_review,2026-05-05,58
last_review,2026-02-20,58
last_review,2026-02-25,58
last_review,2026-03-26,57
last_review,2025-12-11,56
last_review,2026-07-15,56
last_review,2026-04-29,56
last_review,2026-05-29,56
last_review,2025-09-19,55
last_review,2025-09-13,55
last_review,2025-10-29,55
last_review,2026-02-03,55
last_review,2026-06-04,55
last_review,2025-12-10,54
last_review,2026-06-29,54
last_review,2026-08-06,54
last_review,2025-10-19,54
last_review,2026-02-02,53
last_review,2026-04-22,53
last_review,2025-09-24,53
last_review,2025-12-29,53
last_review,2026-06-19,53
last_review,2025-09-14,52
last_review,2025-04-26,52
last_review,2025-10-06,52
last_review,2026-07-30,52
last_review,2026-05-06,52
last_review,2025-11-03,52
last_review,2026-07-16,51
last_review,2025-11-21,51
last_review,2025-12-25,51
last_review,2026-06-11,51
last_review,2026-05-14,51
last_review,2026-05-01,50
last_review,2025-10-21,50
last_review,2026-05-11,50
last_review,2026-06-02,50
last_review,2026-03-30,50
last_review,2026-06-15,50
last_review,2025-10-07,49
last_review,2026-02-19,49
last_review,2026-05-13,49
last_review,2025-08-30,49
last_review,2026-06-08,49
last_review,2026-04-21,49
last_review,2026-08-10,48
last_review,2026-07-03,48
last_review,2026-08-07,48
last_review,2026-05-20,48
last_review,2025-10-30,48
last_review,2026-07-17,48
last_review,2025-12-26,47
last_review,2025-09-06,47
last_review,2026-02-17,46
last_review,2026-02-04,46
last_review,2026-04-02,46
last_review,2026-04-23,46
last_review,2026-06-09,46
last_review,2026-07-14,46
last_review,2025-10-23,45
last_review,2025-03-01,45
last_review,2026-06-22,45
last_review,2026-06-16,45
last_review,2025-12-19,45
last_review,2026-02-18,45
last_review,2025-09-12,44
last_review,2026-07-02,44
last_review,2026-05-12,44
last_review,2024-12-28,43
last_review,2026-06-03,43
last_review,2025-09-18,42
last_review,2025-10-24,42
last_review,2025-10-20,41
last_review,2026-05-21,41
last_review,2026-04-01,41
last_review,2026-06-26,40
last_review,2025-07-26,40
last_review,2026-07-26,40
last_review,2025-08-16,39
last_review,2026-06-30,38
last_review,2026-06-12,38
last_review,2026-02-24,38
last_review,2026-06-10,38
last_review,2025-10-10,37
last_review,2025-11-11,37
last_review,2025-02-24,37
last_review,2025-10-17,37
last_review,2025-10-28,36
last_review,2026-03-31,36
last_review,2026-05-25,36
last_review,2026-08-03,36
last_review,2024-11-23,35
last_review,2026-02-16,35
last_review,2026-06-17,35
last_review,2025-07-04,35
last_review,2025-02-14,34
last_review,2026-07-22,33
last_review,2026-07-01,33
last_review,2025-12-24,33
last_review,2025-12-14,33
last_review,2026-08-05,33
last_review,2025-04-20,33
last_review,2025-07-06,33
last_review,2026-08-04,32
last_review,2025-10-22,32
last_review,2025-11-18,32
last_review,2026-07-23,32
last_review,2026-05-28,32
last_review,2026-01-27,32
last_review,2025-12-22,31
last_review,2025-01-25,31
last_review,2026-07-31,31
last_review,2025-08-15,30
last_review,2025-03-28,30
last_review,2025-02-27,30
last_review,2026-03-23,30
last_review,2026-08-12,30
last_review,2026-08-11,30
last_review,2026-07-19,29
last_review,2025-04-21,29
last_review,2025-10-12,29
last_review,2025-01-06,29
last_review,2025-09-07,29
last_review,2025-01-12,29
last_review,2026-06-23,28
last_review,2024-02-26,28
last_review,2026-07-28,28
last_review,2025-09-16,28
last_review,2026-07-24,28
last_review,2024-12-26,28
last_review,2025-12-23,27
last_review,2025-07-05,27
last_review,2025-09-02,27
last_review,2024-02-11,27
last_review,2025-03-15,26
last_review,2025-04-22,26
last_review,2025-08-02,26
last_review,2025-02-28,26
last_review,2025-07-29,26
last_review,2025-12-12,26
last_review,2025-10-16,26
last_review,2025-08-28,26
last_review,2026-07-27,26
last_review,2025-08-17,26
last_review,2026-07-29,26
last_review,2026-03-24,26
last_review,2025-08-09,26
last_review,2025-12-21,25
last_review,2025-03-16,25
last_review,2025-01-10,25
last_review,2025-07-19,25
last_review,2025-02-15,25
last_review,2025-07-16,25
last_review,2025-02-25,25
last_review,2025-11-14,25
last_review,2025-11-17,24
last_review,2025-12-20,24
last_review,2024-12-06,24
last_review,2025-06-30,24
last_review,2025-06-01,24
last_review,2025-09-17,24
last_review,2026-06-24,23
last_review,2025-04-24,23
last_review,2024-12-25,23
last_review,2025-01-05,23
last_review,2025-02-01,23
last_review,2026-05-26,23
last_review,2025-07-09,23
last_review,2025-02-08,23
last_review,2023-07-29,22
last_review,2024-06-03,22
last_review,2024-10-03,22
last_review,2024-12-30,22
last_review,2025-11-19,22
last_review,2025-07-17,22
last_review,2025-04-28,22
last_review,2024-02-24,22
last_review,2026-03-25,22
last_review,2025-06-21,22
last_review,2025-08-23,22
last_review,2025-02-11,22
last_review,2025-12-17,21
last_review,2025-09-04,21
last_review,2024-02-04,21
last_review,2025-02-26,21
last_review,2025-04-12,21
last_review,2025-04-23,21
last_review,2025-11-12,21
last_review,2026-05-27,21
last_review,2026-07-20,21
last_review,2025-11-13,20
last_review,2025-03-02,20
last_review,2025-10-15,19
last_review,2025-09-11,19
last_review,2025-08-01,19
last_review,2025-07-03,19
last_review,2025-08-31,19
last_review,2025-03-30,19
last_review,2025-07-08,19
last_review,2025-03-29,19
last_review,2025-07-12,19
last_review,2025-07-27,19
last_review,2025-04-25,18
last_review,2025-02-12,18
last_review,2026-07-21,18
last_review,2025-11-16,18
last_review,2025-01-24,18
last_review,2024-07-14,18
last_review,2023-03-19,18
last_review,2025-09-03,18
last_review,2025-08-14,17
last_review,2026-06-25,17
last_review,2020-03-07,17
last_review,2025-08-25,17
last_review,2025-04-13,17
last_review,2024-12-27,17
last_review,2025-01-09,17
last_review,2025-07-13,17
last_review,2025-06-09,17
last_review,2025-08-20,17
last_review,2024-12-29,17
last_review,2025-08-08,17
last_review,2025-07-22,17
last_review,2025-06-16,17
last_review,2025-08-22,16
last_review,2025-04-05,16
last_review,2025-09-08,16
last_review,2025-01-03,16
last_review,2025-03-24,16
last_review,2025-05-16,16
last_review,2024-02-15,16
last_review,2024-02-10,16
last_review,2025-05-17,16
last_review,2025-09-15,15
last_review,2025-02-09,15
last_review,2020-03-03,15
last_review,2025-02-16,15
last_review,2025-06-08,15
last_review,2025-03-03,15
last_review,2026-08-13,15
last_review,2025-07-10,15
last_review,2024-12-11,15
last_review,2025-10-09,15
last_review,2025-05-25,15
last_review,2025-04-27,15
last_review,2025-09-05,15
last_review,2025-04-14,15
last_review,2025-12-13,15
last_review,2025-10-14,14
last_review,2025-04-15,14
last_review,2024-05-21,14
last_review,2024-03-24,14
last_review,2023-11-01,14
last_review,2025-04-30,14
last_review,2025-09-10,14
last_review,2023-02-04,14
last_review,2024-03-27,14
last_review,2025-12-16,14
last_review,2025-03-04,14
last_review,2024-09-06,13
last_review,2024-11-18,13
last_review,2025-01-20,13
last_review,2025-02-21,13
last_review,2025-01-02,13
last_review,2025-05-04,13
last_review,2025-05-19,13
last_review,2025-08-03,13
last_review,2025-07-31,12
last_review,2025-01-28,12
last_review,2025-03-22,12
last_review,2025-08-24,12
last_review,2024-02-17,12
last_review,2019-12-31,12
last_review,2025-06-07,12
last_review,2024-08-03,12
last_review,2025-06-17,12
last_review,2025-03-14,12
last_review,2024-11-16,12
last_review,2025-01-08,12
last_review,2023-10-14,12
last_review,2024-10-09,12
last_review,2024-03-05,12
last_review,2024-03-23,12
last_review,2025-10-13,11
last_review,2020-03-19,11
last_review,2025-05-10,11
last_review,2023-06-18,11
last_review,2019-02-04,11
last_review,2023-03-02,11
last_review,2022-10-31,11
last_review,2022-07-14,11
last_review,2024-10-04,11
last_review,2023-02-15,11
last_review,2023-12-25,11
last_review,2021-02-27,11
last_review,2023-02-26,11
last_review,2024-12-31,11
last_review,2024-09-14,11
last_review,2020-12-03,11
last_review,2023-09-08,11
last_review,2020-04-03,11
last_review,2022-07-16,11
last_review,2024-07-22,11
last_review,2024-09-16,11
last_review,2022-12-26,11
last_review,2024-11-08,11
last_review,2023-03-31,11
last_review,2015-01-09,11
last_review,2024-01-08,11
last_review,2023-11-17,11
last_review,2022-06-05,11
last_review,2023-11-19,11
last_review,2023-11-18,11
last_review,2024-10-21,11
last_review,2024-03-17,11
last_review,2025-08-18,11
last_review,2022-07-15,11
last_review,2024-03-12,11
last_review,2023-04-08,11
last_review,2020-10-06,11
last_review,2023-09-03,11
last_review,2021-06-20,11
last_review,2024-03-10,11
last_review,2025-03-11,11
last_review,2023-12-09,11
last_review,2025-02-07,11
last_review,2025-05-31,11
last_review,2024-05-10,11
last_review,2024-02-23,11
last_review,2024-06-08,11
last_review,2025-03-12,11
last_review,2022-09-10,11
last_review,2022-05-20,11
last_review,2024-03-01,11
last_review,2024-03-31,11
last_review,2024-08-30,11
last_review,2019-12-25,11
last_review,2020-12-30,11
last_review,2022-04-27,11
last_review,2020-01-04,11
last_review,2024-07-26,11
last_review,2023-03-14,11
last_review,2021-04-30,11
last_review,2022-10-05,11
last_review,2024-01-22,11
last_review,2020-01-05,11
last_review,2024-10-02,11
last_review,2017-02-15,11
last_review,2024-02-16,11
last_review,2023-04-15,11
last_review,2021-07-18,11
last_review,2022-06-27,11
last_review,2024-03-02,11
last_review,2024-09-25,11
last_review,2022-09-18,11
last_review,2024-07-01,11
last_review,2025-01-15,11
last_review,2017-05-29,11
last_review,2022-06-26,11
last_review,2024-06-04,10
last_review,2025-05-09,10
last_review,2025-05-24,10
last_review,2025-10-08,10
last_review,2024-08-21,10
last_review,2025-09-01,10
last_review,2025-01-04,10
last_review,2025-08-27,10
last_review,2024-11-29,10
last_review,2025-08-12,10
last_review,2025-07-01,10
last_review,2024-01-20,10
last_review,2025-06-27,10
last_review,2025-07-11,10
last_review,2025-01-01,10
last_review,2025-07-28,10
last_review,2025-07-07,9
last_review,2025-03-31,9
last_review,2024-03-08,9
last_review,2025-06-20,9
last_review,2025-07-23,9
last_review,2025-04-16,9
last_review,2025-02-20,9
last_review,2023-02-27,9
last_review,2025-01-30,9
last_review,2025-08-11,9
last_review,2025-05-11,9
last_review,2024-07-15,8
last_review,2025-01-11,8
last_review,2025-01-13,8
last_review,2025-07-24,8
last_review,2025-06-04,8
last_review,2025-06-29,8
last_review,2025-08-04,8
last_review,2025-08-29,8
last_review,2025-02-10,8
last_review,2025-04-29,8
last_review,2022-12-21,8
last_review,2025-12-18,8
last_review,2025-04-01,8
last_review,2025-02-17,8
last_review,2024-06-22,8
last_review,2024-03-26,8
last_review,2023-04-20,8
last_review,2025-04-04,7
last_review,2025-03-07,7
last_review,2025-08-10,7
last_review,2025-04-18,7
last_review,2025-08-13,7
last_review,2025-06-05,7
last_review,2024-03-09,7
last_review,2025-09-09,7
last_review,2025-03-06,7
last_review,2023-12-26,7
last_review,2021-06-12,7
last_review,2024-06-06,7
last_review,2024-02-05,7
last_review,2025-08-21,7
last_review,2025-03-13,7
last_review,2024-11-09,7
last_review,2025-07-18,7
last_review,2025-02-13,7
last_review,2025-06-03,7
last_review,2023-03-23,7
last_review,2024-10-27,6
last_review,2025-05-08,6
last_review,2025-07-25,6
last_review,2021-05-08,6
last_review,2019-12-22,6
last_review,2025-07-14,6
last_review,2023-01-02,6
last_review,2025-08-19,6
last_review,2019-11-29,6
last_review,2024-01-03,6
last_review,2023-01-28,6
last_review,2025-01-14,6
last_review,2025-04-10,6
last_review,2024-05-12,6
last_review,2025-01-21,6
last_review,2023-08-20,6
last_review,2025-01-29,6
last_review,2025-05-05,6
last_review,2024-01-05,6
last_review,2024-11-28,6
last_review,2024-12-03,6
last_review,2025-07-20,6
last_review,2024-10-07,6
last_review,2025-05-18,6
last_review,2025-04-07,5
last_review,2025-04-17,5
last_review,2025-01-18,5
last_review,2017-01-28,5
last_review,2024-02-03,5
last_review,2023-12-22,5
last_review,2023-01-20,5
last_review,2025-07-21,5
last_review,2025-07-15,5
last_review,2024-04-09,5
last_review,2025-07-30,5
last_review,2025-04-11,5
last_review,2024-03-21,5
last_review,2025-06-18,5
last_review,2024-01-06,5
last_review,2025-08-07,5
last_review,2019-12-12,5
last_review,2025-01-16,5
last_review,2025-06-24,5
last_review,2025-04-08,5
last_review,2025-05-15,5
last_review,2024-04-11,5
last_review,2024-06-17,5
last_review,2025-04-06,5
last_review,2024-01-17,5
last_review,2024-12-15,5
last_review,2025-03-08,5
last_review,2023-03-25,5
last_review,2025-08-05,5
last_review,2025-06-02,4
last_review,2017-03-03,4
last_review,2024-04-04,4
last_review,2024-03-13,4
last_review,2024-12-17,4
last_review,2024-02-22,4
last_review,2025-01-27,4
last_review,2025-03-21,4
last_review,2024-12-07,4
last_review,2025-02-06,4
last_review,2025-06-12,4
last_review,2025-05-14,3
last_review,2022-01-01,3
last_review,2024-12-24,3
last_review,2025-03-05,3
last_review,2025-04-09,3
last_review,2024-05-14,3
last_review,2017-02-16,3
last_review,2024-10-24,3
last_review,2024-12-05,3
last_review,2025-05-20,3
last_review,2023-01-27,3
last_review,2024-01-13,3
last_review,2024-01-12,3
last_review,2024-11-14,3
last_review,2025-05-13,3
last_review,2025-05-03,3
last_review,2024-07-27,3
last_review,2024-08-31,3
last_review,2024-08-15,3
last_review,2020-03-16,3
last_review,2024-07-18,3
last_review,2024-01-15,3
last_review,2024-06-15,3
last_review,2024-01-02,3
last_review,2024-07-05,3
last_review,2025-05-29,3
last_review,2025-06-14,3
last_review,2024-11-30,3
last_review,2021-01-15,3
last_review,2025-05-07,3
last_review,2025-05-06,3
last_review,2022-04-21,3
last_review,2024-11-13,3
last_review,2024-04-14,3
last_review,2023-08-07,3
last_review,2024-06-30,3
last_review,2023-01-06,3
last_review,2025-05-30,3
last_review,2025-06-06,3
last_review,2024-03-06,3
last_review,2025-03-25,3
last_review,2025-03-18,3
last_review,2024-04-13,3
last_review,2025-03-26,2
last_review,2023-11-16,2
last_review,2023-12-27,2
last_review,2024-07-29,2
last_review,2021-02-06,2
last_review,2025-02-19,2
last_review,2024-07-21,2
last_review,2019-04-20,2
last_review,2023-12-24,2
last_review,2018-04-08,2
last_review,2024-01-11,2
last_review,2024-05-18,2
last_review,2024-02-18,2
last_review,2023-12-18,2
last_review,2014-04-14,2
last_review,2025-05-12,2
last_review,2024-03-11,2
last_review,2024-11-22,2
last_review,2024-08-02,2
last_review,2023-02-25,2
last_review,2025-05-02,2
last_review,2021-07-24,2
last_review,2025-01-17,2
last_review,2023-11-28,2
last_review,2023-10-22,2
last_review,2025-03-23,2
last_review,2024-06-19,2
last_review,2020-01-02,2
last_review,2024-02-08,2
last_review,2024-10-28,2
last_review,2019-03-10,1
last_review,2024-04-30,1
last_review,2025-05-27,1
last_review,2024-10-30,1
last_review,2023-02-11,1
last_review,2025-05-01,1
last_review,2025-08-06,1
last_review,2024-12-16,1
last_review,2025-06-28,1
last_review,2025-06-15,1
last_review,2025-02-03,1
last_review,2024-12-20,1
last_review,2025-03-09,1
last_review,2021-02-13,1
last_review,2022-12-09,1
last_review,2024-03-16,1
last_review,2025-02-05,1
last_review,2025-03-17,1
last_review,2018-02-19,1
last_review,2025-08-26,1
last_review,2022-10-16,1
last_review,2024-04-26,1
last_review,2024-06-16,1
last_review,2024-01-09,1
last_review,2024-11-12,1
last_review,2024-08-25,1
last_review,2024-10-05,1
last_review,2024-04-24,1
last_review,2025-06-25,1
last_review,2023-09-11,1
last_review,2024-07-19,1
last_review,2025-03-27,1
last_review,2025-12-15,1
last_review,2024-02-14,1
last_review,2020-03-22,1
last_review,2024-02-27,1
last_review,2024-11-26,1
last_review,2024-03-30,1
last_review,2022-02-05,1
last_review,2024-12-18,1
last_review,2017-05-06,1
last_review,2022-01-04,1
last_review,2024-05-06,1
last_review,2025-04-02,1
last_review,2024-02-25,1
last_review,2025-07-02,1
last_review,2023-10-27,1
last_review,2025-06-11,1
last_review,2020-05-03,1
month_year,2026-08,3513
month_year,2026-07,3488
month_year,2026-06,3469
month_year,2026-05,3361
month_year,2026-04,3273
month_year,2026-03,3227
month_year,2026-02,3190
month_year,2025-12,3180
month_year,2026-01,3057
month_year,2025-11,3047
month_year,2025-10,2991
scrape_date,2026-08-13,3513
scrape_date,2026-07-12,3488
scrape_date,2026-06-19,3469
scrape_date,2026-05-23,3361
scrape_date,2026-04-16,3273
scrape_date,2026-03-17,3227
scrape_date,2026-02-13,3190
scrape_date,2025-12-11,3180
scrape_date,2026-01-16,3057
scrape_date,2025-11-07,3047
scrape_date,2025-10-05,2991
